Date,Ticker Symbol,Close,Open,Volume
4-1-2010,JNJ,64.6800,64.7100,9506200
5-1-2010,JNJ,63.9300,64.5800,10673400
6-1-2010,JNJ,64.4500,63.9000,13171500
7-1-2010,JNJ,63.9900,64.2500,10901600
8-1-2010,JNJ,64.2100,63.9200,7898500
11-1-2010,JNJ,64.2200,64.7500,7976300
12-1-2010,JNJ,64.5600,64.1300,10820600
13-1-2010,JNJ,64.9700,64.5400,13023700
14-1-2010,JNJ,65.1000,65.2000,7898900
15-1-2010,JNJ,64.5600,65.1400,20995400
19-1-2010,JNJ,65.3500,64.1400,15181900
20-1-2010,JNJ,65.1500,65.4700,13033000
21-1-2010,JNJ,63.9700,65.0700,14476300
22-1-2010,JNJ,63.2000,63.9100,14017300
25-1-2010,JNJ,63.2200,63.6700,10002600
26-1-2010,JNJ,62.7900,62.6400,15630200
27-1-2010,JNJ,63.4400,62.7800,14982400
28-1-2010,JNJ,63.8000,63.5700,17102100
29-1-2010,JNJ,62.8600,63.9500,17846700
1-2-2010,JNJ,63.0900,63.2600,10153400
2-2-2010,JNJ,63.9900,63.2000,13609700
3-2-2010,JNJ,63.6300,63.8700,9256300
4-2-2010,JNJ,62.6400,63.4900,18396900
5-2-2010,JNJ,62.6400,62.6900,16775100
8-2-2010,JNJ,62.3700,62.5000,10081700
9-2-2010,JNJ,62.7600,62.5500,11356300
10-2-2010,JNJ,62.7300,62.7900,10115800
11-2-2010,JNJ,62.9100,62.6200,8353600
12-2-2010,JNJ,62.7200,62.6100,12335800
16-2-2010,JNJ,63.6100,63.2500,10212300
17-2-2010,JNJ,63.9800,63.6300,9485400
18-2-2010,JNJ,64.5300,63.9800,8260500
19-2-2010,JNJ,63.8100,64.1500,14222200
22-2-2010,JNJ,63.4900,63.8100,9839700
23-2-2010,JNJ,63.3100,63.5600,12481400
24-2-2010,JNJ,63.4500,63.5500,8519300
25-2-2010,JNJ,63.2800,62.7900,10528800
26-2-2010,JNJ,63.0000,63.4600,9357700
1-3-2010,JNJ,63.3900,63.2700,9219400
2-3-2010,JNJ,63.4400,63.3100,9013900
3-3-2010,JNJ,63.4000,63.5900,9360400
4-3-2010,JNJ,63.5700,63.5300,8067700
5-3-2010,JNJ,64.0400,63.6600,10634100
8-3-2010,JNJ,64.2000,64.0800,33380500
9-3-2010,JNJ,64.2700,64.5500,8827200
10-3-2010,JNJ,64.2900,64.4900,8436600
11-3-2010,JNJ,64.2200,64.1500,9958700
12-3-2010,JNJ,64.1800,64.2600,8223000
15-3-2010,JNJ,64.5700,64.1400,7444900
16-3-2010,JNJ,64.5300,64.7000,8888000
17-3-2010,JNJ,64.6500,64.7200,8060600
18-3-2010,JNJ,65.0600,64.5800,11742100
19-3-2010,JNJ,65.1100,65.2500,23117600
22-3-2010,JNJ,65.1000,65.0700,8803800
23-3-2010,JNJ,65.3600,65.1800,9453900
24-3-2010,JNJ,64.7500,65.3100,9351200
25-3-2010,JNJ,64.5700,65.0400,10496800
26-3-2010,JNJ,64.3800,64.6800,9450300
29-3-2010,JNJ,64.8200,64.4600,7812800
30-3-2010,JNJ,64.9000,64.9500,8311500
31-3-2010,JNJ,65.2000,64.8400,11939100
1-4-2010,JNJ,65.7700,65.3700,10600600
5-4-2010,JNJ,65.4000,65.7700,8617500
6-4-2010,JNJ,65.3100,65.1300,8260100
7-4-2010,JNJ,65.2200,65.2400,9409300
8-4-2010,JNJ,64.9300,65.1900,8962500
9-4-2010,JNJ,65.1400,64.8800,6973100
12-4-2010,JNJ,65.1100,65.1100,8695900
13-4-2010,JNJ,65.6800,65.0600,12481500
14-4-2010,JNJ,65.4900,65.4300,10501800
15-4-2010,JNJ,65.5100,65.2900,8656900
16-4-2010,JNJ,65.0200,65.3400,15744100
19-4-2010,JNJ,66.0300,65.0600,14626400
20-4-2010,JNJ,65.9900,66.0300,11916300
21-4-2010,JNJ,65.3900,65.9800,13355700
22-4-2010,JNJ,64.7800,65.1800,19582900
23-4-2010,JNJ,65.0400,64.7100,11675300
26-4-2010,JNJ,64.7600,64.9900,9281400
27-4-2010,JNJ,64.2800,64.5700,11863000
28-4-2010,JNJ,64.6200,64.4300,12476900
29-4-2010,JNJ,65.0100,64.8500,7930100
30-4-2010,JNJ,64.3000,65.1300,14255900
3-5-2010,JNJ,65.3300,65.1600,15310400
4-5-2010,JNJ,64.7000,65.0700,14900700
5-5-2010,JNJ,65.1400,64.5800,13143600
6-5-2010,JNJ,63.4000,65.0400,24409700
7-5-2010,JNJ,63.3100,63.2600,20467800
10-5-2010,JNJ,64.7500,64.9100,18445300
11-5-2010,JNJ,64.6700,64.2300,10880200
12-5-2010,JNJ,64.9000,64.8500,11036800
13-5-2010,JNJ,64.6700,64.8400,12337100
14-5-2010,JNJ,63.9700,64.7100,12505000
17-5-2010,JNJ,63.8800,64.0600,10261000
18-5-2010,JNJ,62.9700,63.4400,18482700
19-5-2010,JNJ,62.2200,62.6900,18864900
20-5-2010,JNJ,60.5500,61.8200,24105900
21-5-2010,JNJ,60.8800,59.7800,21813000
24-5-2010,JNJ,60.5700,60.6200,14045000
25-5-2010,JNJ,60.3500,59.7100,21178900
26-5-2010,JNJ,59.6600,60.8300,18914600
27-5-2010,JNJ,59.0300,59.7400,29931000
28-5-2010,JNJ,58.3000,58.7200,26819200
1-6-2010,JNJ,58.7600,58.2100,19511200
2-6-2010,JNJ,59.7300,59.0700,15581800
3-6-2010,JNJ,59.7700,59.8900,14254100
4-6-2010,JNJ,58.0100,58.9600,21785400
7-6-2010,JNJ,58.0000,58.1700,13844100
8-6-2010,JNJ,58.6400,58.1500,14941500
9-6-2010,JNJ,58.1700,58.8000,13173000
10-6-2010,JNJ,58.5000,58.7200,16995100
11-6-2010,JNJ,58.4600,58.1700,14713000
14-6-2010,JNJ,58.4200,58.7000,10523900
15-6-2010,JNJ,59.1400,58.9300,11103400
16-6-2010,JNJ,59.2400,59.2500,8637500
17-6-2010,JNJ,59.1800,59.2800,11723100
18-6-2010,JNJ,59.1800,59.1800,16845400
21-6-2010,JNJ,59.1300,59.5000,12143500
22-6-2010,JNJ,59.1600,59.2500,13824100
23-6-2010,JNJ,59.2400,59.1600,12659600
24-6-2010,JNJ,59.6000,59.0300,18216200
25-6-2010,JNJ,58.7000,59.8600,45012800
28-6-2010,JNJ,59.4500,59.0100,15834200
29-6-2010,JNJ,59.2400,58.9800,20239900
30-6-2010,JNJ,59.0600,59.0400,15802200
1-7-2010,JNJ,59.0700,59.0700,17973700
2-7-2010,JNJ,59.0800,59.4200,10534800
6-7-2010,JNJ,59.0800,59.5000,15461200
7-7-2010,JNJ,60.6100,59.3300,17280200
8-7-2010,JNJ,61.3800,60.9300,15900400
9-7-2010,JNJ,60.5400,60.9700,12174100
12-7-2010,JNJ,60.2100,60.4800,10797100
13-7-2010,JNJ,60.5000,60.5900,10924400
14-7-2010,JNJ,60.6200,60.1600,9668500
15-7-2010,JNJ,60.2600,60.6200,12839200
16-7-2010,JNJ,59.4400,60.0000,17569800
19-7-2010,JNJ,59.5700,59.7200,10277500
20-7-2010,JNJ,58.5800,58.4500,22305300
21-7-2010,JNJ,57.1200,58.8000,25707600
22-7-2010,JNJ,57.0200,57.4300,17973200
23-7-2010,JNJ,57.6300,57.2800,15076600
26-7-2010,JNJ,57.7400,57.6500,11777300
27-7-2010,JNJ,58.1000,57.9500,16963900
28-7-2010,JNJ,57.8300,58.1400,13503700
29-7-2010,JNJ,57.8300,58.1000,13036700
30-7-2010,JNJ,58.0900,57.6300,12984900
2-8-2010,JNJ,58.7200,58.5000,11455600
3-8-2010,JNJ,59.3500,58.7500,10855100
4-8-2010,JNJ,59.7400,59.3700,10508800
5-8-2010,JNJ,59.7600,59.5300,9796700
6-8-2010,JNJ,59.9600,59.5200,8524000
9-8-2010,JNJ,60.0500,60.0000,6678300
10-8-2010,JNJ,59.4300,59.4100,13550700
11-8-2010,JNJ,58.5000,58.9200,11470300
12-8-2010,JNJ,58.5200,58.1500,8240900
13-8-2010,JNJ,58.1500,58.4900,8549900
16-8-2010,JNJ,58.0100,57.9900,8751200
17-8-2010,JNJ,59.2200,58.9300,13479000
18-8-2010,JNJ,59.3500,59.4600,10535000
19-8-2010,JNJ,58.7200,59.1700,11949600
20-8-2010,JNJ,58.7400,58.7000,11286100
23-8-2010,JNJ,58.8700,58.9800,8843900
24-8-2010,JNJ,58.0100,58.5000,14938400
25-8-2010,JNJ,57.9800,58.0000,11678800
26-8-2010,JNJ,57.8000,58.2000,12841800
27-8-2010,JNJ,57.6000,57.4500,11675100
30-8-2010,JNJ,57.3000,57.6000,9240000
31-8-2010,JNJ,57.0200,57.2500,14572500
1-9-2010,JNJ,58.2900,57.6700,11603700
2-9-2010,JNJ,58.6100,58.5200,8084500
3-9-2010,JNJ,58.9300,58.8500,7533300
7-9-2010,JNJ,58.7000,58.8000,5626400
8-9-2010,JNJ,58.8500,58.4200,8412500
9-9-2010,JNJ,59.8200,59.3900,14077700
10-9-2010,JNJ,59.9800,59.9400,8358700
13-9-2010,JNJ,60.3200,60.0600,10706500
14-9-2010,JNJ,60.5800,60.4300,9912800
15-9-2010,JNJ,61.0500,60.6700,9111400
16-9-2010,JNJ,61.2900,60.8200,10496200
17-9-2010,JNJ,61.5700,61.5900,12240500
20-9-2010,JNJ,62.0900,61.6500,11160700
21-9-2010,JNJ,61.9400,61.8600,9449100
22-9-2010,JNJ,61.9700,61.9800,9353300
23-9-2010,JNJ,61.8100,61.6300,8394900
24-9-2010,JNJ,62.1400,61.9800,12636800
27-9-2010,JNJ,62.0300,62.2200,7687600
28-9-2010,JNJ,62.4300,61.9600,12155400
29-9-2010,JNJ,62.3100,62.3100,9596700
30-9-2010,JNJ,61.9600,62.4900,12845600
1-10-2010,JNJ,61.7500,62.0900,9773200
4-10-2010,JNJ,61.6700,61.5400,8710500
5-10-2010,JNJ,62.8000,62.0800,12439300
6-10-2010,JNJ,63.2100,62.8900,11339700
7-10-2010,JNJ,63.2200,63.2900,9827900
8-10-2010,JNJ,63.2300,63.3800,7358000
11-10-2010,JNJ,63.3000,63.2600,6173400
12-10-2010,JNJ,63.2900,63.1300,8707300
13-10-2010,JNJ,63.5800,63.4300,10104600
14-10-2010,JNJ,63.7400,63.7900,8654200
15-10-2010,JNJ,63.5700,63.9800,13265000
18-10-2010,JNJ,63.8600,63.6900,10849200
19-10-2010,JNJ,63.2900,62.8900,17235400
20-10-2010,JNJ,63.6000,63.3200,10206700
21-10-2010,JNJ,63.9900,63.8600,11111600
22-10-2010,JNJ,63.8100,64.0800,6774800
25-10-2010,JNJ,63.9800,64.0400,7795400
26-10-2010,JNJ,63.8400,63.8500,7122800
27-10-2010,JNJ,63.5700,63.5800,11916000
28-10-2010,JNJ,63.5600,63.9400,10121600
29-10-2010,JNJ,63.7400,63.6400,9309800
1-11-2010,JNJ,63.6900,63.8800,9360100
2-11-2010,JNJ,63.8800,63.9400,8632000
3-11-2010,JNJ,64.1900,63.9900,9322000
4-11-2010,JNJ,64.7600,64.3200,11337300
5-11-2010,JNJ,64.6500,64.7500,9276500
8-11-2010,JNJ,64.3300,64.5600,8485000
9-11-2010,JNJ,64.3100,64.4700,9225500
10-11-2010,JNJ,63.9500,64.2400,10795300
11-11-2010,JNJ,63.9200,63.7000,9109400
12-11-2010,JNJ,63.6700,63.6900,12944700
15-11-2010,JNJ,64.1400,64.1100,12729300
16-11-2010,JNJ,63.1400,63.6500,15671800
17-11-2010,JNJ,63.0600,63.1300,7416900
18-11-2010,JNJ,63.8300,63.4700,9400900
19-11-2010,JNJ,63.8300,63.8900,12890300
22-11-2010,JNJ,63.6200,63.5000,11179100
23-11-2010,JNJ,62.8700,62.9900,14766500
24-11-2010,JNJ,63.2900,63.0300,9636000
26-11-2010,JNJ,62.4300,62.5000,4638800
29-11-2010,JNJ,61.9100,61.8100,12019300
30-11-2010,JNJ,61.5500,61.4800,12633500
1-12-2010,JNJ,62.4200,62.1800,15364700
2-12-2010,JNJ,62.6000,62.3900,10160300
3-12-2010,JNJ,62.5600,62.5100,9882700
6-12-2010,JNJ,62.2000,62.3100,8989000
7-12-2010,JNJ,62.3100,62.5600,9528800
8-12-2010,JNJ,62.4500,62.2200,7879100
9-12-2010,JNJ,62.0600,62.4300,12965800
10-12-2010,JNJ,61.9100,62.1900,11459200
13-12-2010,JNJ,61.8600,61.8300,13673600
14-12-2010,JNJ,62.7700,62.0300,13491200
15-12-2010,JNJ,62.5700,62.9300,11535500
16-12-2010,JNJ,62.4000,62.7500,11150700
17-12-2010,JNJ,62.5400,62.2500,15960900
20-12-2010,JNJ,62.4900,62.5400,8907000
21-12-2010,JNJ,62.3400,62.7900,7908100
22-12-2010,JNJ,62.0200,62.3300,8850100
23-12-2010,JNJ,62.2500,62.0200,7250200
27-12-2010,JNJ,61.9300,62.1900,5163700
28-12-2010,JNJ,62.0500,62.0600,6354200
29-12-2010,JNJ,62.1300,62.1200,4975400
30-12-2010,JNJ,61.9400,62.1000,5770300
31-12-2010,JNJ,61.8500,61.9000,4981300
3-1-2011,JNJ,62.8200,62.6300,14898100
4-1-2011,JNJ,63.3500,63.1300,12347000
5-1-2011,JNJ,63.3100,63.4100,11837800
6-1-2011,JNJ,63.2100,63.4300,7606800
7-1-2011,JNJ,62.6000,63.2000,11085000
10-1-2011,JNJ,62.1600,62.2900,9775000
11-1-2011,JNJ,62.2700,62.2200,7372800
12-1-2011,JNJ,62.5000,62.4500,8313000
13-1-2011,JNJ,62.9100,62.5600,9489700
14-1-2011,JNJ,62.5500,62.9500,11274700
18-1-2011,JNJ,62.1000,62.2190,13945100
19-1-2011,JNJ,62.5600,62.0500,9596700
20-1-2011,JNJ,62.8600,62.7300,11523500
21-1-2011,JNJ,62.6600,63.2500,12934600
24-1-2011,JNJ,62.2200,62.5600,11381800
25-1-2011,JNJ,61.0800,60.8900,28056600
26-1-2011,JNJ,60.6000,61.1800,20266900
27-1-2011,JNJ,60.6800,60.6400,11223900
28-1-2011,JNJ,60.0100,60.9100,15299900
31-1-2011,JNJ,59.7700,60.1600,19056200
1-2-2011,JNJ,60.6300,59.7000,14780400
2-2-2011,JNJ,60.6200,60.4600,9994300
3-2-2011,JNJ,60.8000,60.6600,10084800
4-2-2011,JNJ,60.8400,60.9400,9726200
7-2-2011,JNJ,60.8700,60.8800,8220000
8-2-2011,JNJ,60.9400,60.9400,7867900
9-2-2011,JNJ,60.8800,60.9300,8542100
10-2-2011,JNJ,60.9300,60.6400,8636000
11-2-2011,JNJ,60.7000,60.7400,9631200
14-2-2011,JNJ,60.7000,60.6900,8132500
15-2-2011,JNJ,60.6200,60.6000,8573100
16-2-2011,JNJ,60.5200,60.6100,9426500
17-2-2011,JNJ,60.7900,60.3700,7141300
18-2-2011,JNJ,61.1100,60.8900,12393000
22-2-2011,JNJ,60.6500,60.6800,11050800
23-2-2011,JNJ,60.3900,60.7600,12100800
24-2-2011,JNJ,60.2500,60.4700,11769100
25-2-2011,JNJ,59.6400,59.9200,11866100
28-2-2011,JNJ,61.4400,59.9300,20033500
1-3-2011,JNJ,60.7000,61.2500,14035900
2-3-2011,JNJ,60.8100,60.5000,10264600
3-3-2011,JNJ,61.0500,61.1200,7803200
4-3-2011,JNJ,61.0600,61.2900,11439500
7-3-2011,JNJ,60.4000,61.0900,9589500
8-3-2011,JNJ,60.7100,60.4800,8886900
9-3-2011,JNJ,60.4000,60.7400,10077400
10-3-2011,JNJ,59.6100,60.1400,14858300
11-3-2011,JNJ,59.6900,59.2400,10432100
14-3-2011,JNJ,59.1300,59.4900,11789700
15-3-2011,JNJ,58.4800,58.7800,16030800
16-3-2011,JNJ,57.6600,58.5700,17015300
17-3-2011,JNJ,58.1300,58.2100,12460200
18-3-2011,JNJ,58.5700,58.5600,14391000
21-3-2011,JNJ,58.8300,58.6700,10694400
22-3-2011,JNJ,58.7900,58.8000,10158000
23-3-2011,JNJ,58.7200,58.7200,9901500
24-3-2011,JNJ,59.0300,58.9800,8659300
25-3-2011,JNJ,58.9800,59.0100,8084800
28-3-2011,JNJ,59.2400,58.9800,8384600
29-3-2011,JNJ,59.2200,58.9800,9285900
30-3-2011,JNJ,59.3800,59.3400,10749300
31-3-2011,JNJ,59.2500,59.2100,9693400
1-4-2011,JNJ,59.4900,59.6300,9915900
4-4-2011,JNJ,60.1500,59.5000,9421900
5-4-2011,JNJ,59.8000,59.7500,10603700
6-4-2011,JNJ,59.6600,59.7000,10012200
7-4-2011,JNJ,59.4800,59.7200,9243700
8-4-2011,JNJ,59.4600,59.7300,7860000
11-4-2011,JNJ,59.8600,59.5400,9848000
12-4-2011,JNJ,59.9400,59.6600,9223600
13-4-2011,JNJ,59.6000,59.6600,10514600
14-4-2011,JNJ,60.0200,59.5500,10431400
15-4-2011,JNJ,60.5600,60.2400,18614100
18-4-2011,JNJ,60.4600,60.4500,20044100
19-4-2011,JNJ,62.6900,62.0000,26100000
20-4-2011,JNJ,64.3900,63.2100,26743900
21-4-2011,JNJ,64.0700,63.8100,11697800
25-4-2011,JNJ,64.1100,63.6500,7227400
26-4-2011,JNJ,64.9500,64.0700,14538500
27-4-2011,JNJ,65.5700,63.4500,23779700
28-4-2011,JNJ,65.3800,65.3900,13095500
29-4-2011,JNJ,65.7200,65.5900,12103900
2-5-2011,JNJ,66.2100,65.9200,15462800
3-5-2011,JNJ,66.2600,66.1100,13107200
4-5-2011,JNJ,65.6700,66.0000,13421600
5-5-2011,JNJ,65.0100,65.4500,14936400
6-5-2011,JNJ,65.2700,65.2500,11912100
9-5-2011,JNJ,65.6300,65.1100,9006100
10-5-2011,JNJ,65.7600,65.6100,9696800
11-5-2011,JNJ,66.5700,66.3200,19995100
12-5-2011,JNJ,67.1900,66.0400,15635500
13-5-2011,JNJ,66.6200,67.0900,11707000
16-5-2011,JNJ,66.3700,66.4100,11500200
17-5-2011,JNJ,66.4000,66.2300,10794800
18-5-2011,JNJ,66.5000,66.1700,9024400
19-5-2011,JNJ,66.3900,66.5300,9694200
20-5-2011,JNJ,65.6900,66.2500,12371500
23-5-2011,JNJ,65.5600,65.1900,12025800
24-5-2011,JNJ,65.7800,65.7400,11018100
25-5-2011,JNJ,66.2900,66.2900,14769100
26-5-2011,JNJ,65.5100,65.5900,12053800
27-5-2011,JNJ,66.7700,65.7900,16386000
31-5-2011,JNJ,67.2900,67.3100,16473800
1-6-2011,JNJ,66.4800,67.0200,11004500
2-6-2011,JNJ,66.4800,66.4400,9582900
3-6-2011,JNJ,66.0900,65.8400,10364900
6-6-2011,JNJ,66.0500,65.8700,8391700
7-6-2011,JNJ,65.5000,66.0000,10451800
8-6-2011,JNJ,66.1400,65.4900,10020800
9-6-2011,JNJ,66.7800,66.3300,14054400
10-6-2011,JNJ,66.0900,66.4900,9313200
13-6-2011,JNJ,66.5900,66.3200,8146200
14-6-2011,JNJ,67.1000,66.9500,11389000
15-6-2011,JNJ,66.1600,67.0000,12623800
16-6-2011,JNJ,66.3200,65.7000,11684500
17-6-2011,JNJ,66.2900,66.6300,14358400
20-6-2011,JNJ,66.5100,66.0800,9309200
21-6-2011,JNJ,66.4900,66.5200,9811400
22-6-2011,JNJ,66.0700,66.4700,7993500
23-6-2011,JNJ,65.6700,65.5400,16234700
24-6-2011,JNJ,65.0600,65.5700,13186200
27-6-2011,JNJ,65.2500,65.2900,7204400
28-6-2011,JNJ,65.9100,65.5900,7724500
29-6-2011,JNJ,66.3100,66.2300,9227200
30-6-2011,JNJ,66.5200,66.4200,9747100
1-7-2011,JNJ,67.3000,66.4800,9216900
5-7-2011,JNJ,67.6200,67.2900,9773300
6-7-2011,JNJ,67.5500,67.6300,7100300
7-7-2011,JNJ,67.9200,67.8200,8415200
8-7-2011,JNJ,67.5700,67.8100,7866200
11-7-2011,JNJ,67.2700,66.8800,8919000
12-7-2011,JNJ,67.0300,66.9000,10528800
13-7-2011,JNJ,67.6300,67.3900,9031700
14-7-2011,JNJ,67.6600,67.6000,9637700
15-7-2011,JNJ,67.4500,67.7300,10245600
18-7-2011,JNJ,67.0900,67.1700,10364300
19-7-2011,JNJ,66.7200,67.1000,13677500
20-7-2011,JNJ,66.2400,66.5700,8912500
21-7-2011,JNJ,66.4700,66.4500,11398100
22-7-2011,JNJ,66.7200,66.6900,7721300
25-7-2011,JNJ,66.2500,66.2100,10252300
26-7-2011,JNJ,65.9200,66.1700,10008500
27-7-2011,JNJ,65.2300,65.7600,12812000
28-7-2011,JNJ,65.0800,65.2300,9920400
29-7-2011,JNJ,64.7900,64.7400,16830700
1-8-2011,JNJ,64.4100,65.2800,15843700
2-8-2011,JNJ,63.4300,64.1100,17118200
3-8-2011,JNJ,63.4100,63.3700,17660300
4-8-2011,JNJ,61.8400,62.6100,23485600
5-8-2011,JNJ,62.7100,62.1200,24037800
8-8-2011,JNJ,61.1200,61.8000,32423100
9-8-2011,JNJ,62.2000,61.7100,36288200
10-8-2011,JNJ,60.2000,61.6200,32689700
11-8-2011,JNJ,63.4400,60.1800,33514400
12-8-2011,JNJ,63.3600,63.6100,42325900
15-8-2011,JNJ,64.5900,63.8500,39362300
16-8-2011,JNJ,64.3600,63.7700,13142100
17-8-2011,JNJ,64.2600,64.5600,11847500
18-8-2011,JNJ,63.1600,63.1900,23376900
19-8-2011,JNJ,63.1400,62.9100,19395000
22-8-2011,JNJ,63.2900,63.9900,13690500
23-8-2011,JNJ,64.9700,63.5200,14879500
24-8-2011,JNJ,65.5300,65.3800,14523800
25-8-2011,JNJ,64.5500,65.4900,13142600
26-8-2011,JNJ,64.2800,63.5500,14150500
29-8-2011,JNJ,65.8600,64.6400,12868100
30-8-2011,JNJ,65.7700,65.8200,11182900
31-8-2011,JNJ,65.8000,66.0300,14555300
1-9-2011,JNJ,65.3300,65.6600,11141000
2-9-2011,JNJ,64.0700,64.8300,13714000
6-9-2011,JNJ,64.6400,63.1700,15848200
7-9-2011,JNJ,65.4300,65.0400,10768100
8-9-2011,JNJ,64.9500,64.9600,15553200
9-9-2011,JNJ,63.6400,64.3900,17008200
12-9-2011,JNJ,63.5900,63.1000,13448700
13-9-2011,JNJ,63.6100,63.9900,11595900
14-9-2011,JNJ,63.7300,63.9500,13429400
15-9-2011,JNJ,64.4000,64.2800,10625700
16-9-2011,JNJ,64.5900,64.5200,15688700
19-9-2011,JNJ,64.1400,64.0500,8571700
20-9-2011,JNJ,64.2200,64.4200,10874700
21-9-2011,JNJ,63.1300,64.1900,10042100
22-9-2011,JNJ,61.9200,62.1600,19456900
23-9-2011,JNJ,61.5900,61.3000,10983700
26-9-2011,JNJ,62.6900,62.0500,10562200
27-9-2011,JNJ,63.8200,63.3700,13118600
28-9-2011,JNJ,63.2500,63.9000,8964200
29-9-2011,JNJ,63.9000,63.9200,8923200
30-9-2011,JNJ,63.6900,63.2200,14557400
3-10-2011,JNJ,62.0800,63.6500,16891200
4-10-2011,JNJ,62.1700,61.5500,18192300
5-10-2011,JNJ,62.3500,62.2100,15405600
6-10-2011,JNJ,62.8100,62.5200,9595400
7-10-2011,JNJ,63.1300,63.0100,12361800
10-10-2011,JNJ,64.4300,63.8900,7107100
11-10-2011,JNJ,63.9600,64.2600,7628600
12-10-2011,JNJ,64.3300,64.1300,9375000
13-10-2011,JNJ,64.2300,64.4500,7781000
14-10-2011,JNJ,64.7200,64.6900,6679200
17-10-2011,JNJ,63.7900,64.4000,10799700
18-10-2011,JNJ,64.4200,63.7600,11705400
19-10-2011,JNJ,62.6400,64.5100,19964700
20-10-2011,JNJ,62.5300,62.9600,11562600
21-10-2011,JNJ,63.7800,63.1100,13176400
24-10-2011,JNJ,64.7300,63.9000,12552800
25-10-2011,JNJ,63.6900,64.5600,10324800
26-10-2011,JNJ,64.4900,64.1900,9932100
27-10-2011,JNJ,65.5000,64.9900,16365300
28-10-2011,JNJ,65.6000,65.6400,10390800
31-10-2011,JNJ,64.3900,65.1700,13720900
1-11-2011,JNJ,63.3800,63.6800,14754300
2-11-2011,JNJ,63.6400,64.3900,10136500
3-11-2011,JNJ,64.3400,64.0700,10466000
4-11-2011,JNJ,64.1200,64.0000,9725900
7-11-2011,JNJ,64.0000,63.9600,8784100
8-11-2011,JNJ,64.8600,64.0900,7989500
9-11-2011,JNJ,63.5300,64.0700,11072500
10-11-2011,JNJ,64.1200,64.1300,7597400
11-11-2011,JNJ,65.2500,64.6200,9086800
14-11-2011,JNJ,64.9100,64.9700,8276200
15-11-2011,JNJ,64.9900,64.9700,10726300
16-11-2011,JNJ,64.4000,64.5300,8398100
17-11-2011,JNJ,63.9400,64.1700,13924600
18-11-2011,JNJ,63.8500,64.1900,12659700
21-11-2011,JNJ,62.9400,63.2700,32806800
22-11-2011,JNJ,62.9000,62.9500,8681400
23-11-2011,JNJ,61.9900,62.5900,10362700
25-11-2011,JNJ,61.2700,61.3100,5838800
28-11-2011,JNJ,62.3700,61.8800,11678000
29-11-2011,JNJ,62.7800,62.8200,8929700
30-11-2011,JNJ,64.7200,63.9200,15032600
1-12-2011,JNJ,64.4500,64.6800,9852700
2-12-2011,JNJ,63.4700,64.8700,15792800
5-12-2011,JNJ,63.3600,64.1000,15294500
6-12-2011,JNJ,63.4900,63.6100,10417900
7-12-2011,JNJ,64.4500,63.5700,11506000
8-12-2011,JNJ,63.7800,64.1400,9567600
9-12-2011,JNJ,64.5300,64.3200,8835700
12-12-2011,JNJ,63.5100,63.8700,10810300
13-12-2011,JNJ,63.3600,64.0800,14219200
14-12-2011,JNJ,63.1800,63.3800,9802300
15-12-2011,JNJ,64.0000,63.6500,9656700
16-12-2011,JNJ,64.3000,64.3600,19214300
19-12-2011,JNJ,63.5300,64.1800,9024800
20-12-2011,JNJ,64.5200,64.0200,12247700
21-12-2011,JNJ,64.9600,64.8100,8518200
22-12-2011,JNJ,65.1800,65.0600,7428100
23-12-2011,JNJ,65.9800,65.2300,6503400
27-12-2011,JNJ,66.0200,65.9900,4995200
28-12-2011,JNJ,65.4500,65.9700,5943900
29-12-2011,JNJ,65.8800,65.3100,5702400
30-12-2011,JNJ,65.5800,65.5900,4959900
3-1-2012,JNJ,65.8800,65.5900,16116300
4-1-2012,JNJ,65.4800,65.7500,9243000
5-1-2012,JNJ,65.4000,65.3200,11886800
6-1-2012,JNJ,64.8300,65.4400,15359800
9-1-2012,JNJ,64.9300,64.9600,7934600
10-1-2012,JNJ,65.2000,65.1100,8476900
11-1-2012,JNJ,65.1300,65.1100,6784600
12-1-2012,JNJ,65.2300,65.2800,7402900
13-1-2012,JNJ,65.2600,64.9700,8978700
17-1-2012,JNJ,65.1200,65.5400,8359900
18-1-2012,JNJ,65.2800,65.2600,8095700
19-1-2012,JNJ,65.1900,65.1600,11699700
20-1-2012,JNJ,65.2700,65.2800,14715400
23-1-2012,JNJ,65.0000,65.2300,10125000
24-1-2012,JNJ,65.0000,64.3400,12367900
25-1-2012,JNJ,65.2200,64.8300,10533000
26-1-2012,JNJ,65.7000,65.5300,12546100
27-1-2012,JNJ,65.5600,65.6200,10469700
30-1-2012,JNJ,65.7100,65.3300,7487100
31-1-2012,JNJ,65.9100,65.8600,13568300
1-2-2012,JNJ,65.6900,65.9700,12276400
2-2-2012,JNJ,65.5900,65.9400,8282500
3-2-2012,JNJ,65.6400,65.9000,9036500
6-2-2012,JNJ,65.1900,65.4600,9535700
7-2-2012,JNJ,65.2600,65.1600,9248100
8-2-2012,JNJ,65.2400,65.2000,6889400
9-2-2012,JNJ,64.8900,65.1600,10936200
10-2-2012,JNJ,64.6000,64.7100,13954800
13-2-2012,JNJ,64.6800,64.9000,9662400
14-2-2012,JNJ,64.6100,64.7500,8978600
15-2-2012,JNJ,64.6500,64.5100,9023400
16-2-2012,JNJ,64.9200,64.6000,8194500
17-2-2012,JNJ,64.9900,65.2200,9057500
21-2-2012,JNJ,65.0400,65.2300,8083400
22-2-2012,JNJ,65.0000,65.0800,8151400
23-2-2012,JNJ,65.1000,65.1900,8995400
24-2-2012,JNJ,64.4600,64.7900,10478500
27-2-2012,JNJ,64.4500,64.2600,8522900
28-2-2012,JNJ,65.1800,64.6000,11581400
29-2-2012,JNJ,65.0800,65.2200,11490100
1-3-2012,JNJ,64.8300,65.1100,8813800
2-3-2012,JNJ,64.7700,64.7400,6063900
5-3-2012,JNJ,64.9100,64.6900,7603600
6-3-2012,JNJ,64.3500,64.4600,9511000
7-3-2012,JNJ,64.3000,64.2700,8591800
8-3-2012,JNJ,64.8500,64.9500,11311200
9-3-2012,JNJ,64.7400,64.8300,8410900
12-3-2012,JNJ,65.1000,64.5500,7284600
13-3-2012,JNJ,65.3300,65.4200,9884000
14-3-2012,JNJ,65.0800,65.2100,9612100
15-3-2012,JNJ,65.0700,64.9300,11375300
16-3-2012,JNJ,65.1200,65.2000,17707100
19-3-2012,JNJ,65.2100,64.9500,7321700
20-3-2012,JNJ,64.9600,65.0000,7760500
21-3-2012,JNJ,64.7600,64.9600,7839600
22-3-2012,JNJ,64.4600,64.6750,10621200
23-3-2012,JNJ,64.5500,64.4900,8062400
26-3-2012,JNJ,65.1700,64.8900,8504200
27-3-2012,JNJ,65.4000,65.3300,10723700
28-3-2012,JNJ,65.6200,65.4000,10305600
29-3-2012,JNJ,65.5400,65.2800,9553300
30-3-2012,JNJ,65.9600,65.6300,11308400
2-4-2012,JNJ,66.2100,66.0400,8785900
3-4-2012,JNJ,65.8800,66.1200,9128400
4-4-2012,JNJ,65.3900,65.6100,9432200
5-4-2012,JNJ,65.3400,65.2600,7922600
9-4-2012,JNJ,64.9200,64.9500,6363400
10-4-2012,JNJ,64.2000,64.8100,12794000
11-4-2012,JNJ,64.1300,64.6900,10434100
12-4-2012,JNJ,64.1500,64.0500,13122200
13-4-2012,JNJ,63.5400,63.9400,11226600
16-4-2012,JNJ,63.9800,63.7200,10503200
17-4-2012,JNJ,64.2200,64.2300,18322900
18-4-2012,JNJ,63.2600,63.9000,20568300
19-4-2012,JNJ,63.0300,63.2200,15189100
20-4-2012,JNJ,63.7100,63.2200,14320700
23-4-2012,JNJ,63.3700,63.5000,10122200
24-4-2012,JNJ,63.7700,63.5500,9023200
25-4-2012,JNJ,64.4300,63.9600,11162700
26-4-2012,JNJ,64.7500,64.4100,9139800
27-4-2012,JNJ,64.8400,64.9500,10146800
30-4-2012,JNJ,65.1000,64.8500,11362500
1-5-2012,JNJ,65.2200,64.9100,10108400
2-5-2012,JNJ,65.3300,65.1700,8349700
3-5-2012,JNJ,65.3400,65.4000,10433100
4-5-2012,JNJ,64.7400,65.1900,10303300
7-5-2012,JNJ,64.8000,64.5800,8387700
8-5-2012,JNJ,64.9800,64.6800,12492600
9-5-2012,JNJ,64.2800,64.5900,10653200
10-5-2012,JNJ,64.5700,64.8100,7702100
11-5-2012,JNJ,64.3400,64.4300,37824500
14-5-2012,JNJ,63.9300,64.0300,39688000
15-5-2012,JNJ,63.6100,63.7000,8499900
16-5-2012,JNJ,63.7100,63.7900,10019000
17-5-2012,JNJ,63.5500,63.7100,7993900
18-5-2012,JNJ,63.3500,63.8700,13781400
21-5-2012,JNJ,63.4700,63.2600,8786100
22-5-2012,JNJ,63.5200,63.4000,8411300
23-5-2012,JNJ,63.2700,63.4000,11269100
24-5-2012,JNJ,63.1000,62.8900,9309400
25-5-2012,JNJ,62.5100,62.8800,11208600
29-5-2012,JNJ,62.5900,62.8400,10091700
30-5-2012,JNJ,62.2100,62.3400,9415100
31-5-2012,JNJ,62.4300,62.3600,13299800
1-6-2012,JNJ,61.7800,62.0400,12063700
4-6-2012,JNJ,62.3400,62.0400,9203900
5-6-2012,JNJ,62.2100,62.1600,9524500
6-6-2012,JNJ,62.8000,62.0900,11566000
7-6-2012,JNJ,62.8000,63.1800,12960000
8-6-2012,JNJ,62.9800,62.5400,11249700
11-6-2012,JNJ,62.1200,62.9700,12226300
12-6-2012,JNJ,63.0800,62.1600,26655400
13-6-2012,JNJ,64.4500,64.2400,98440200
14-6-2012,JNJ,65.4500,64.3500,34315400
15-6-2012,JNJ,66.0100,65.9000,25992700
18-6-2012,JNJ,66.3000,65.8200,25751200
19-6-2012,JNJ,66.7200,66.4000,23615300
20-6-2012,JNJ,67.0000,66.7800,21255000
21-6-2012,JNJ,66.3900,66.5500,24545800
22-6-2012,JNJ,66.6300,66.6600,18971400
25-6-2012,JNJ,66.5000,66.2600,13734500
26-6-2012,JNJ,66.4200,66.5600,11099900
27-6-2012,JNJ,66.8400,66.4200,17594400
28-6-2012,JNJ,66.9400,66.7100,12110900
29-6-2012,JNJ,67.5600,67.3000,18286000
2-7-2012,JNJ,68.0000,67.4200,12553300
3-7-2012,JNJ,68.0400,67.9600,8902300
5-7-2012,JNJ,67.7800,67.9200,11857700
6-7-2012,JNJ,67.6400,67.5100,9758000
9-7-2012,JNJ,67.7800,67.7400,12485900
10-7-2012,JNJ,67.8800,67.9700,12852200
11-7-2012,JNJ,67.9000,68.0300,12026000
12-7-2012,JNJ,67.7100,67.6200,16484200
13-7-2012,JNJ,68.6100,67.7900,13239200
16-7-2012,JNJ,68.4500,68.4700,12921700
17-7-2012,JNJ,69.0000,67.8400,24204000
18-7-2012,JNJ,69.3700,68.7400,15620300
19-7-2012,JNJ,69.5300,69.2500,13499500
20-7-2012,JNJ,68.6300,69.3500,13965400
23-7-2012,JNJ,68.1100,68.1400,11772000
24-7-2012,JNJ,67.3500,68.1000,12146700
25-7-2012,JNJ,67.5300,67.6700,9882200
26-7-2012,JNJ,68.7400,68.3000,16477700
27-7-2012,JNJ,69.5200,68.9500,14016000
30-7-2012,JNJ,69.4500,69.3700,8379800
31-7-2012,JNJ,69.2200,69.2500,10313900
1-8-2012,JNJ,69.3800,69.4800,11681700
2-8-2012,JNJ,68.4500,68.8100,13536200
3-8-2012,JNJ,69.1200,68.9800,10898700
6-8-2012,JNJ,68.8400,69.1800,8723800
7-8-2012,JNJ,68.2900,68.8100,11268400
8-8-2012,JNJ,68.3500,68.2900,6573200
9-8-2012,JNJ,68.3200,68.3300,7764400
10-8-2012,JNJ,68.6400,68.1200,7645000
13-8-2012,JNJ,68.4600,68.3900,7199200
14-8-2012,JNJ,68.6400,68.7400,8218100
15-8-2012,JNJ,68.3500,68.5100,9349100
16-8-2012,JNJ,68.2000,68.4400,13518400
17-8-2012,JNJ,67.8000,68.1200,12000000
20-8-2012,JNJ,67.7000,67.8000,12645300
21-8-2012,JNJ,67.7800,67.6900,9544800
22-8-2012,JNJ,67.7500,67.6300,8230900
23-8-2012,JNJ,67.7400,67.8000,9064100
24-8-2012,JNJ,67.6000,67.2200,11297400
27-8-2012,JNJ,67.4900,67.5400,8761300
28-8-2012,JNJ,67.5100,67.3100,6750700
29-8-2012,JNJ,67.3700,67.2800,9609400
30-8-2012,JNJ,67.2100,67.2300,9673000
31-8-2012,JNJ,67.4300,67.4500,10152100
4-9-2012,JNJ,67.2600,67.4900,8402600
5-9-2012,JNJ,67.2700,67.4400,9266300
6-9-2012,JNJ,67.8400,67.7100,13075500
7-9-2012,JNJ,67.8800,67.9700,8403400
10-9-2012,JNJ,68.1800,67.9900,11441900
11-9-2012,JNJ,68.2000,68.3650,8822600
12-9-2012,JNJ,68.1500,68.3700,8230600
13-9-2012,JNJ,68.9900,68.0100,13006300
14-9-2012,JNJ,68.4700,68.9100,13027700
17-9-2012,JNJ,68.2500,68.4900,11584000
18-9-2012,JNJ,68.5500,68.0800,8063100
19-9-2012,JNJ,68.6000,68.7500,9911300
20-9-2012,JNJ,68.9000,68.4100,8704600
21-9-2012,JNJ,69.0600,69.0500,19076600
24-9-2012,JNJ,69.0000,68.8800,9082400
25-9-2012,JNJ,69.3200,69.0100,11625500
26-9-2012,JNJ,69.0000,69.5000,9971900
27-9-2012,JNJ,69.0100,69.0900,8253200
28-9-2012,JNJ,68.9100,68.7700,10293500
1-10-2012,JNJ,69.1300,68.9200,9649500
2-10-2012,JNJ,68.9600,69.1200,10062700
3-10-2012,JNJ,69.0000,69.1900,8560600
4-10-2012,JNJ,69.2700,69.1000,9397600
5-10-2012,JNJ,69.6500,69.4600,9429800
8-10-2012,JNJ,69.4400,69.6000,6447500
9-10-2012,JNJ,68.4100,68.6200,15365900
10-10-2012,JNJ,68.2200,68.3800,10710900
11-10-2012,JNJ,67.9700,68.2100,9505500
12-10-2012,JNJ,67.9700,68.1800,8685500
15-10-2012,JNJ,68.6000,68.1800,14869800
16-10-2012,JNJ,69.5500,69.3000,13690000
17-10-2012,JNJ,71.0000,69.7300,26523000
18-10-2012,JNJ,72.5200,70.8700,33591100
19-10-2012,JNJ,71.8600,72.1100,18391100
22-10-2012,JNJ,71.7800,71.7900,14033500
23-10-2012,JNJ,70.8900,71.1700,11086200
24-10-2012,JNJ,70.7400,70.9900,8572000
25-10-2012,JNJ,71.1400,71.0100,9673200
26-10-2012,JNJ,70.9000,71.0000,8965200
31-10-2012,JNJ,70.8200,71.1100,9950500
1-11-2012,JNJ,71.5000,71.1000,11226600
2-11-2012,JNJ,70.9000,71.7000,7946600
5-11-2012,JNJ,70.7900,70.8600,6874400
6-11-2012,JNJ,71.0100,71.0000,7927500
7-11-2012,JNJ,70.3400,70.6900,12719700
8-11-2012,JNJ,69.6500,70.1500,12655600
9-11-2012,JNJ,69.8700,69.5600,10511700
12-11-2012,JNJ,69.6800,69.7900,9762100
13-11-2012,JNJ,69.5100,69.5200,8244900
14-11-2012,JNJ,69.2700,69.6300,10471800
15-11-2012,JNJ,69.0700,68.9900,11804600
16-11-2012,JNJ,69.1900,68.8700,14272300
19-11-2012,JNJ,69.2500,69.5400,12337400
20-11-2012,JNJ,69.6700,69.2600,9859600
21-11-2012,JNJ,69.5900,69.6300,7640300
23-11-2012,JNJ,69.5600,69.0800,5450000
26-11-2012,JNJ,69.0900,69.1200,9886500
27-11-2012,JNJ,68.8100,69.0100,8763300
28-11-2012,JNJ,69.2900,68.7100,9983200
29-11-2012,JNJ,69.2200,69.4700,9849200
30-11-2012,JNJ,69.7300,69.3900,13482900
3-12-2012,JNJ,69.6500,69.8000,9930700
4-12-2012,JNJ,69.8600,69.5800,14278000
5-12-2012,JNJ,69.9700,69.9300,11037100
6-12-2012,JNJ,70.0500,70.3400,9459100
7-12-2012,JNJ,70.4500,70.0400,10021300
10-12-2012,JNJ,70.6000,70.2600,9700300
11-12-2012,JNJ,71.1000,70.9300,14934600
12-12-2012,JNJ,70.9600,71.2100,11783300
13-12-2012,JNJ,70.7500,70.9000,8839600
14-12-2012,JNJ,70.6900,70.6200,10263500
17-12-2012,JNJ,70.9400,70.8400,14324400
18-12-2012,JNJ,70.9500,71.0600,16354100
19-12-2012,JNJ,70.6300,70.9100,11865800
20-12-2012,JNJ,70.7500,70.7400,11775900
21-12-2012,JNJ,70.2700,70.5600,22154500
24-12-2012,JNJ,70.0200,70.3200,5006400
26-12-2012,JNJ,70.1700,69.9500,7737200
27-12-2012,JNJ,70.0900,70.1300,10700300
28-12-2012,JNJ,69.4800,69.8400,9693700
31-12-2012,JNJ,70.1000,69.2400,12771300
2-1-2013,JNJ,70.8400,71.0200,12875600
3-1-2013,JNJ,70.7400,70.9800,9598200
4-1-2013,JNJ,71.5500,71.2400,11634700
7-1-2013,JNJ,71.4000,71.5000,7548700
8-1-2013,JNJ,71.4100,71.3100,9830700
9-1-2013,JNJ,71.7300,71.6400,7673200
10-1-2013,JNJ,72.1900,71.8100,11891200
11-1-2013,JNJ,72.3500,72.1900,7766700
14-1-2013,JNJ,72.5600,72.6000,7385900
15-1-2013,JNJ,72.3700,72.2500,7795000
16-1-2013,JNJ,72.5800,72.2600,8780100
17-1-2013,JNJ,72.9000,72.8800,10573100
18-1-2013,JNJ,73.2300,72.9000,13564400
22-1-2013,JNJ,72.6900,72.9200,11471500
23-1-2013,JNJ,72.8500,72.5200,10155100
24-1-2013,JNJ,73.1000,72.9600,9369700
25-1-2013,JNJ,73.9200,73.1300,10421600
28-1-2013,JNJ,73.6200,73.9600,9420900
29-1-2013,JNJ,74.4100,73.6700,12390700
30-1-2013,JNJ,74.0900,74.4500,9246400
31-1-2013,JNJ,73.9200,74.0800,10452500
1-2-2013,JNJ,74.1800,74.1400,10019500
4-2-2013,JNJ,74.1100,73.5600,9200700
5-2-2013,JNJ,74.6600,74.4900,10230800
6-2-2013,JNJ,75.3900,74.5700,12084000
7-2-2013,JNJ,75.0600,74.8200,9798200
8-2-2013,JNJ,75.4800,75.1700,8153600
11-2-2013,JNJ,75.4100,75.2800,5697100
12-2-2013,JNJ,75.8000,75.4200,7598900
13-2-2013,JNJ,75.6600,75.7900,8014900
14-2-2013,JNJ,75.8100,75.5000,9681800
15-2-2013,JNJ,76.1600,75.7200,10529200
19-2-2013,JNJ,76.9600,76.0300,9747800
20-2-2013,JNJ,76.6500,76.7900,7858000
21-2-2013,JNJ,76.8700,76.4700,9465700
22-2-2013,JNJ,76.2500,76.3900,8573800
25-2-2013,JNJ,75.5700,76.4700,10603700
26-2-2013,JNJ,75.7500,75.8800,10743500
27-2-2013,JNJ,76.3200,75.6800,8181000
28-2-2013,JNJ,76.1100,76.2300,11811000
1-3-2013,JNJ,76.7000,75.7900,9528700
4-3-2013,JNJ,77.2000,76.7300,12628200
5-3-2013,JNJ,77.6600,77.5600,9399300
6-3-2013,JNJ,77.3900,77.6900,8536900
7-3-2013,JNJ,77.7500,77.6200,7996600
8-3-2013,JNJ,78.1900,77.8400,8555400
11-3-2013,JNJ,78.4400,77.9200,8807500
12-3-2013,JNJ,78.5600,78.5000,8790800
13-3-2013,JNJ,78.5500,78.5200,7987100
14-3-2013,JNJ,79.1000,78.6700,10150100
15-3-2013,JNJ,79.1900,78.6200,18302400
18-3-2013,JNJ,78.8100,78.7200,8005900
19-3-2013,JNJ,78.8600,78.9800,7095700
20-3-2013,JNJ,79.4500,79.1800,8001300
21-3-2013,JNJ,79.0100,79.1200,8436500
22-3-2013,JNJ,79.7400,79.1100,6878400
25-3-2013,JNJ,79.6800,79.8300,9616500
26-3-2013,JNJ,80.8500,79.9300,12683100
27-3-2013,JNJ,81.2700,80.5600,10703800
28-3-2013,JNJ,81.5300,81.3700,11335100
1-4-2013,JNJ,81.9300,81.3900,7379900
2-4-2013,JNJ,82.6900,82.0000,10343300
3-4-2013,JNJ,82.0700,82.7400,12256400
4-4-2013,JNJ,82.4100,82.2000,10303600
5-4-2013,JNJ,82.0400,81.7900,8581600
8-4-2013,JNJ,81.1100,81.2700,15833600
9-4-2013,JNJ,81.5200,81.2600,9112700
10-4-2013,JNJ,82.0200,81.8300,7583100
11-4-2013,JNJ,82.3200,82.1400,9883000
12-4-2013,JNJ,82.7400,82.2500,6989100
15-4-2013,JNJ,81.7100,82.7200,12385800
16-4-2013,JNJ,83.4400,82.3300,12620600
17-4-2013,JNJ,83.9000,83.3600,13695600
18-4-2013,JNJ,83.1800,83.9600,9921400
19-4-2013,JNJ,84.4900,83.5100,10787900
22-4-2013,JNJ,84.8300,84.5900,6989800
23-4-2013,JNJ,85.4500,84.9900,8987300
24-4-2013,JNJ,84.3900,85.6800,9481700
25-4-2013,JNJ,85.2200,84.5400,8689500
26-4-2013,JNJ,85.1200,85.3000,6785900
29-4-2013,JNJ,85.5800,85.0200,8040000
30-4-2013,JNJ,85.2300,85.3900,12102100
1-5-2013,JNJ,84.2300,84.5000,12313700
2-5-2013,JNJ,85.1600,84.4400,8670000
3-5-2013,JNJ,85.7500,85.5800,9216700
6-5-2013,JNJ,84.6800,85.7800,8815900
7-5-2013,JNJ,85.5300,84.8700,9064300
8-5-2013,JNJ,85.4600,85.4800,8044600
9-5-2013,JNJ,85.1500,85.4500,8342200
10-5-2013,JNJ,85.7600,85.2900,7595300
13-5-2013,JNJ,85.8500,85.5600,6631500
14-5-2013,JNJ,86.9700,85.7600,10363200
15-5-2013,JNJ,87.6400,86.9400,13445500
16-5-2013,JNJ,87.4500,87.3300,9442000
17-5-2013,JNJ,88.0900,87.4700,11439500
20-5-2013,JNJ,88.0100,88.1000,7236000
21-5-2013,JNJ,88.5900,87.9400,10099600
22-5-2013,JNJ,88.4600,88.7000,13827700
23-5-2013,JNJ,87.2100,87.1100,14446900
24-5-2013,JNJ,86.8200,86.8000,10390000
28-5-2013,JNJ,87.6100,87.5400,8380600
29-5-2013,JNJ,85.6500,87.0800,11872300
30-5-2013,JNJ,85.9900,85.7100,7801100
31-5-2013,JNJ,84.1800,85.6800,13306200
3-6-2013,JNJ,84.7100,84.2800,11770700
4-6-2013,JNJ,84.1000,84.7200,9972100
5-6-2013,JNJ,83.6800,83.9100,9839000
6-6-2013,JNJ,84.4600,83.5900,10671700
7-6-2013,JNJ,84.9100,84.9600,8908900
10-6-2013,JNJ,85.1400,85.0100,8477100
11-6-2013,JNJ,84.6900,84.7600,8967000
12-6-2013,JNJ,83.7400,85.1800,8413300
13-6-2013,JNJ,84.9100,83.6000,8573400
14-6-2013,JNJ,84.9100,84.7100,6357000
17-6-2013,JNJ,85.6300,85.3700,8429100
18-6-2013,JNJ,86.3600,85.7500,7234300
19-6-2013,JNJ,84.8600,86.4300,8288600
20-6-2013,JNJ,82.6200,84.2100,15173900
21-6-2013,JNJ,83.2000,83.0000,20718900
24-6-2013,JNJ,84.6100,82.9200,14777600
25-6-2013,JNJ,85.3500,85.1600,11241300
26-6-2013,JNJ,86.9900,85.9500,11966600
27-6-2013,JNJ,86.7100,87.5300,8890600
28-6-2013,JNJ,85.8600,86.7200,11898200
1-7-2013,JNJ,86.6300,85.7200,9906000
2-7-2013,JNJ,86.5700,86.6500,8573800
3-7-2013,JNJ,86.7800,86.5400,3608600
5-7-2013,JNJ,87.8700,87.5800,5404000
8-7-2013,JNJ,88.5900,88.0900,12051800
9-7-2013,JNJ,88.8800,88.6500,9349600
10-7-2013,JNJ,89.2400,88.8800,7068400
11-7-2013,JNJ,89.6700,89.8100,8941300
12-7-2013,JNJ,89.9900,89.6900,7592900
15-7-2013,JNJ,90.4000,89.9100,13344900
16-7-2013,JNJ,90.4000,91.0400,11413000
17-7-2013,JNJ,90.1300,90.5800,12835600
18-7-2013,JNJ,90.1700,90.3300,8329800
19-7-2013,JNJ,92.2300,90.2400,12506600
22-7-2013,JNJ,92.2800,92.0800,9916900
23-7-2013,JNJ,92.4200,92.3900,8467900
24-7-2013,JNJ,92.3600,92.6500,6846200
25-7-2013,JNJ,92.5700,92.0000,7369000
26-7-2013,JNJ,92.8300,92.3200,8664400
29-7-2013,JNJ,93.2100,92.6300,7926900
30-7-2013,JNJ,93.1700,93.4700,8863200
31-7-2013,JNJ,93.5000,93.2300,11365800
1-8-2013,JNJ,93.7700,94.1600,11099000
2-8-2013,JNJ,94.3900,93.5600,8503200
5-8-2013,JNJ,93.8000,94.0500,7192600
6-8-2013,JNJ,93.8100,93.8800,6415200
7-8-2013,JNJ,93.6600,93.6000,9060900
8-8-2013,JNJ,93.3400,94.2700,11090300
9-8-2013,JNJ,92.3600,93.3900,12135900
12-8-2013,JNJ,92.0000,92.0800,11013000
13-8-2013,JNJ,93.0100,91.8900,10099800
14-8-2013,JNJ,90.7000,92.7900,12718600
15-8-2013,JNJ,89.5500,90.3200,12017200
16-8-2013,JNJ,89.3700,89.1300,14100900
19-8-2013,JNJ,90.4500,89.4700,8687000
20-8-2013,JNJ,89.7300,90.5500,8559200
21-8-2013,JNJ,88.8000,89.4700,7941100
22-8-2013,JNJ,88.2600,88.7600,7192200
23-8-2013,JNJ,88.4100,87.9300,7715000
26-8-2013,JNJ,87.5300,88.3600,6724500
27-8-2013,JNJ,86.1700,86.9700,9941200
28-8-2013,JNJ,86.5300,86.3600,8829200
29-8-2013,JNJ,86.5700,86.4100,5769100
30-8-2013,JNJ,86.4100,86.7800,7471700
3-9-2013,JNJ,86.4200,86.8900,7591400
4-9-2013,JNJ,86.9000,86.4600,8462600
5-9-2013,JNJ,87.0400,87.0000,5656300
6-9-2013,JNJ,87.1600,87.2200,10038600
9-9-2013,JNJ,87.5600,87.3900,6824400
10-9-2013,JNJ,88.5300,88.1400,8659100
11-9-2013,JNJ,89.2300,88.6300,8098600
12-9-2013,JNJ,89.0100,89.3000,7939000
13-9-2013,JNJ,88.5700,89.1300,7738700
16-9-2013,JNJ,89.0300,89.4300,7581000
17-9-2013,JNJ,89.0600,89.0500,6292200
18-9-2013,JNJ,89.9100,88.9100,10116200
19-9-2013,JNJ,90.0700,90.0500,6721300
20-9-2013,JNJ,89.6800,90.2000,14724300
23-9-2013,JNJ,89.0900,89.4300,7376700
24-9-2013,JNJ,88.2200,89.0200,7797500
25-9-2013,JNJ,87.0800,88.4200,7494100
26-9-2013,JNJ,87.0700,87.2800,6400600
27-9-2013,JNJ,86.7300,86.8100,5462500
30-9-2013,JNJ,86.6900,86.3300,7971500
1-10-2013,JNJ,87.4700,86.5900,6320000
2-10-2013,JNJ,87.2900,87.1300,6383600
3-10-2013,JNJ,86.5800,87.1900,7731600
4-10-2013,JNJ,87.3100,86.8200,6053800
7-10-2013,JNJ,86.5900,86.7000,5705200
8-10-2013,JNJ,85.6100,86.6200,8672300
9-10-2013,JNJ,85.9600,85.9300,8015100
10-10-2013,JNJ,87.7800,86.7200,8649100
11-10-2013,JNJ,89.4500,88.6200,8449800
14-10-2013,JNJ,89.8000,88.8300,9198600
15-10-2013,JNJ,89.9300,90.3300,11032700
16-10-2013,JNJ,91.1100,90.4200,8116000
17-10-2013,JNJ,91.9700,90.8700,8575000
18-10-2013,JNJ,91.6300,91.7500,9082600
21-10-2013,JNJ,91.2000,91.6300,6940700
22-10-2013,JNJ,92.3600,91.5300,9645200
23-10-2013,JNJ,92.1000,92.0700,6452100
24-10-2013,JNJ,92.3500,92.6500,5254300
25-10-2013,JNJ,92.0900,92.0400,6080500
28-10-2013,JNJ,92.3900,91.9600,6551000
29-10-2013,JNJ,93.1400,92.8000,6097200
30-10-2013,JNJ,92.7900,93.2700,6298500
31-10-2013,JNJ,92.6100,92.8500,7774100
1-11-2013,JNJ,93.3700,92.3801,6841000
4-11-2013,JNJ,93.0300,93.4600,6862700
5-11-2013,JNJ,92.8100,92.5400,5357100
6-11-2013,JNJ,93.0400,93.0300,5301300
7-11-2013,JNJ,92.6900,93.1900,6123000
8-11-2013,JNJ,94.0500,92.6300,7230300
11-11-2013,JNJ,94.2900,93.9700,4723300
12-11-2013,JNJ,93.5600,93.9800,7643100
13-11-2013,JNJ,93.3400,93.3600,8954800
14-11-2013,JNJ,93.9200,93.4000,7045900
15-11-2013,JNJ,94.3900,93.6300,7068600
18-11-2013,JNJ,94.3000,94.3600,8492000
19-11-2013,JNJ,94.8600,94.2700,6624200
20-11-2013,JNJ,95.1500,94.9400,7085700
21-11-2013,JNJ,95.2000,95.4600,6897600
22-11-2013,JNJ,95.2500,94.3900,6462200
25-11-2013,JNJ,95.6300,95.4900,6375400
26-11-2013,JNJ,95.0600,95.5800,7267600
27-11-2013,JNJ,94.9800,95.3400,4603800
29-11-2013,JNJ,94.6600,95.2300,4106800
2-12-2013,JNJ,94.2800,94.4100,5828600
3-12-2013,JNJ,93.9700,94.2000,9065300
4-12-2013,JNJ,93.6300,93.7600,6218500
5-12-2013,JNJ,92.9700,93.4200,8667600
6-12-2013,JNJ,94.4400,93.6000,7280500
9-12-2013,JNJ,94.4400,94.3000,6974500
10-12-2013,JNJ,94.1400,94.5800,7576600
11-12-2013,JNJ,93.1100,94.4000,9424300
12-12-2013,JNJ,91.1600,92.8400,12285700
13-12-2013,JNJ,91.3500,91.4600,7909500
16-12-2013,JNJ,91.3700,91.4200,6623000
17-12-2013,JNJ,90.6600,91.3000,8794000
18-12-2013,JNJ,92.6400,90.9500,9692600
19-12-2013,JNJ,91.9800,92.4000,7339600
20-12-2013,JNJ,92.0900,91.9500,11265000
23-12-2013,JNJ,92.0300,92.5600,5320300
24-12-2013,JNJ,92.0600,92.1800,3147300
26-12-2013,JNJ,92.5400,91.9900,3459500
27-12-2013,JNJ,92.3500,92.7700,3511600
30-12-2013,JNJ,92.3000,92.1600,4370100
31-12-2013,JNJ,91.5900,92.1700,6348300
2-1-2014,JNJ,91.0300,91.1400,5921200
3-1-2014,JNJ,91.8500,91.2900,5637800
6-1-2014,JNJ,92.3300,91.9300,7467800
7-1-2014,JNJ,94.2900,93.0400,11089700
8-1-2014,JNJ,94.1600,94.1700,9097200
9-1-2014,JNJ,94.7300,94.9400,7952800
10-1-2014,JNJ,94.7400,94.6400,6700200
13-1-2014,JNJ,94.5000,94.3700,9594900
14-1-2014,JNJ,94.7200,94.6000,7567500
15-1-2014,JNJ,94.8000,94.6500,7423600
16-1-2014,JNJ,94.6400,94.6000,8401400
17-1-2014,JNJ,95.0600,94.7200,13815100
21-1-2014,JNJ,94.0300,94.9300,16368700
22-1-2014,JNJ,94.3200,93.9900,8897400
23-1-2014,JNJ,92.7400,93.7400,9322300
24-1-2014,JNJ,90.6100,92.1200,10661600
27-1-2014,JNJ,89.9400,90.3000,8692300
28-1-2014,JNJ,90.1000,90.5800,8279500
29-1-2014,JNJ,88.9000,89.4700,11168300
30-1-2014,JNJ,89.5000,89.6200,6876800
31-1-2014,JNJ,88.4700,89.0100,12198900
3-2-2014,JNJ,86.7800,88.7500,13950800
4-2-2014,JNJ,86.6200,86.9300,11438800
5-2-2014,JNJ,87.2800,86.4900,10678400
6-2-2014,JNJ,88.7500,87.6300,10038000
7-2-2014,JNJ,90.0400,88.9200,9526300
10-2-2014,JNJ,91.0700,90.2400,8080400
11-2-2014,JNJ,92.9700,91.0900,11581100
12-2-2014,JNJ,92.4200,92.9500,7699300
13-2-2014,JNJ,92.5600,92.0000,5926400
14-2-2014,JNJ,92.7600,92.6000,5524600
18-2-2014,JNJ,92.1700,92.7700,6935400
19-2-2014,JNJ,91.6400,92.1500,7693600
20-2-2014,JNJ,92.3800,91.6900,8160100
21-2-2014,JNJ,91.5200,91.8600,7381400
24-2-2014,JNJ,91.1100,91.4500,8407200
25-2-2014,JNJ,91.1100,91.5900,6387100
26-2-2014,JNJ,91.1100,91.1100,6334200
27-2-2014,JNJ,91.3600,91.1600,7040600
28-2-2014,JNJ,92.1200,91.4200,9644500
3-3-2014,JNJ,91.5600,91.1300,7506786
4-3-2014,JNJ,93.3400,92.4700,8796989
5-3-2014,JNJ,92.5900,93.2700,6843672
6-3-2014,JNJ,92.8900,93.1900,7718786
7-3-2014,JNJ,93.3200,93.3700,6792275
10-3-2014,JNJ,93.4500,93.1700,4880978
11-3-2014,JNJ,93.4900,93.7100,5837194
12-3-2014,JNJ,93.6000,92.8200,6159381
13-3-2014,JNJ,93.0000,93.8500,7659366
14-3-2014,JNJ,92.8100,92.8800,7337843
17-3-2014,JNJ,93.9300,93.2600,5876845
18-3-2014,JNJ,93.9400,93.9000,5891904
19-3-2014,JNJ,93.5900,93.8900,5937603
20-3-2014,JNJ,94.1200,93.5200,5727520
21-3-2014,JNJ,95.9300,94.7700,24005402
24-3-2014,JNJ,95.2000,95.3000,13949809
25-3-2014,JNJ,97.3800,95.7000,14167327
26-3-2014,JNJ,97.0500,97.5100,11215165
27-3-2014,JNJ,97.2800,97.0800,8694613
28-3-2014,JNJ,97.4400,97.5100,8815993
31-3-2014,JNJ,98.2300,98.0000,7545682
1-4-2014,JNJ,97.9400,98.3100,7068696
2-4-2014,JNJ,98.2300,98.0100,7995623
3-4-2014,JNJ,98.2600,97.9700,5476117
4-4-2014,JNJ,98.4200,98.6200,10310236
7-4-2014,JNJ,97.8900,98.3900,11410399
8-4-2014,JNJ,98.0600,98.0300,9601881
9-4-2014,JNJ,98.9500,98.4200,8921922
10-4-2014,JNJ,96.5400,98.8600,9668076
11-4-2014,JNJ,96.8700,96.2000,8711166
14-4-2014,JNJ,97.1400,97.2800,8617844
15-4-2014,JNJ,99.2000,98.4500,14005235
16-4-2014,JNJ,98.7500,99.5700,11308070
17-4-2014,JNJ,98.9600,98.6900,9153584
21-4-2014,JNJ,100.0000,99.0100,7032062
22-4-2014,JNJ,100.1800,100.0000,7937911
23-4-2014,JNJ,100.2200,100.2400,5880223
24-4-2014,JNJ,99.9600,100.2400,6154027
25-4-2014,JNJ,99.7900,99.9700,5897880
28-4-2014,JNJ,101.3400,100.5600,8793329
29-4-2014,JNJ,101.0300,101.6300,7811264
30-4-2014,JNJ,101.2900,100.8400,8519913
1-5-2014,JNJ,100.5300,100.7700,6590499
2-5-2014,JNJ,99.3100,100.1700,8744242
5-5-2014,JNJ,100.0000,99.2900,5438240
6-5-2014,JNJ,99.5100,100.0200,5795969
7-5-2014,JNJ,100.9100,99.8500,8720814
8-5-2014,JNJ,100.5000,100.6700,5668825
9-5-2014,JNJ,100.9100,100.8600,5691707
12-5-2014,JNJ,100.5200,101.2400,7437341
13-5-2014,JNJ,101.0200,100.9000,6183174
14-5-2014,JNJ,100.8700,100.9500,4187810
15-5-2014,JNJ,100.6900,100.6400,7011935
16-5-2014,JNJ,100.5800,100.5700,6517090
19-5-2014,JNJ,100.6400,100.2200,6997400
20-5-2014,JNJ,100.2500,100.8100,5438763
21-5-2014,JNJ,101.1400,100.6000,5302472
22-5-2014,JNJ,100.9600,100.5800,5124957
23-5-2014,JNJ,100.9800,101.0400,5276064
27-5-2014,JNJ,100.8100,101.1000,4524361
28-5-2014,JNJ,100.3000,100.6700,4353776
29-5-2014,JNJ,100.7600,100.5600,3685692
30-5-2014,JNJ,101.4600,100.7000,5972931
2-6-2014,JNJ,102.1700,101.5400,5852618
3-6-2014,JNJ,102.4600,101.9100,6683665
4-6-2014,JNJ,102.6800,102.2300,5608597
5-6-2014,JNJ,103.2200,102.7800,4731051
6-6-2014,JNJ,103.1800,103.2500,4625104
9-6-2014,JNJ,103.2200,103.0700,3748814
10-6-2014,JNJ,104.1000,103.4700,5797720
11-6-2014,JNJ,103.3200,103.8100,5960610
12-6-2014,JNJ,102.5300,103.1800,5935011
13-6-2014,JNJ,102.5300,102.5100,4302188
16-6-2014,JNJ,102.4500,102.5200,5645516
17-6-2014,JNJ,101.9300,102.1300,4835591
18-6-2014,JNJ,102.8100,101.9100,5449119
19-6-2014,JNJ,103.8100,102.9300,5481511
20-6-2014,JNJ,105.2700,104.3700,12464629
23-6-2014,JNJ,104.7500,104.9100,6066848
24-6-2014,JNJ,104.5900,104.6300,5915291
25-6-2014,JNJ,105.7600,104.2300,6411062
26-6-2014,JNJ,105.6500,105.8400,5106917
27-6-2014,JNJ,104.9900,105.4700,6462995
30-6-2014,JNJ,104.6200,105.6200,6944226
1-7-2014,JNJ,105.8700,105.1500,5133942
2-7-2014,JNJ,105.8600,105.7000,3764939
3-7-2014,JNJ,105.4200,105.8700,4199082
7-7-2014,JNJ,106.4700,105.4200,7018503
8-7-2014,JNJ,105.7200,106.2100,6268373
9-7-2014,JNJ,106.0400,106.0000,5721371
10-7-2014,JNJ,105.8000,105.0800,4955123
11-7-2014,JNJ,105.1000,105.8400,5464127
14-7-2014,JNJ,105.3800,105.3800,7786696
15-7-2014,JNJ,103.2800,105.2300,14224802
16-7-2014,JNJ,102.2200,103.5300,11947879
17-7-2014,JNJ,100.3700,101.9000,11226538
18-7-2014,JNJ,101.8000,100.6700,8408731
21-7-2014,JNJ,101.2700,101.4400,6386413
22-7-2014,JNJ,102.4700,101.9100,6554213
23-7-2014,JNJ,102.1900,102.8000,4815975
24-7-2014,JNJ,102.2000,102.3400,5177227
25-7-2014,JNJ,102.1100,102.2700,3952062
28-7-2014,JNJ,102.1100,101.8900,4634905
29-7-2014,JNJ,101.9600,102.4500,6058738
30-7-2014,JNJ,102.3000,102.2700,5995785
31-7-2014,JNJ,100.0900,101.7700,9142218
1-8-2014,JNJ,99.9000,99.7600,8610725
4-8-2014,JNJ,100.1600,99.9900,6790846
5-8-2014,JNJ,99.8200,99.8300,6230883
6-8-2014,JNJ,100.7100,99.6700,7412322
7-8-2014,JNJ,99.9300,101.0900,7417911
8-8-2014,JNJ,101.0800,100.2100,5619629
11-8-2014,JNJ,101.1600,101.6200,5706553
12-8-2014,JNJ,100.6300,101.0000,4577733
13-8-2014,JNJ,101.7400,101.1500,4563748
14-8-2014,JNJ,102.0200,101.8900,5239445
15-8-2014,JNJ,101.1700,102.2100,6986145
18-8-2014,JNJ,102.7000,101.9200,5981073
19-8-2014,JNJ,102.9600,102.7300,5670017
20-8-2014,JNJ,103.2100,102.8700,5183142
21-8-2014,JNJ,104.1900,103.3300,8357633
22-8-2014,JNJ,103.1000,103.6300,5076573
25-8-2014,JNJ,103.2300,103.6500,3678216
26-8-2014,JNJ,103.4400,103.4700,3512447
27-8-2014,JNJ,103.2200,103.6000,4786441
28-8-2014,JNJ,102.9500,102.9000,3485694
29-8-2014,JNJ,103.7300,103.1000,5287778
2-9-2014,JNJ,103.3600,103.3000,4644820
3-9-2014,JNJ,103.7600,103.8200,4725840
4-9-2014,JNJ,103.8400,103.9900,6147742
5-9-2014,JNJ,104.4200,103.9200,5750803
8-9-2014,JNJ,104.0500,104.4200,4900319
9-9-2014,JNJ,103.8000,104.4000,6006566
10-9-2014,JNJ,104.9900,104.1900,7406861
11-9-2014,JNJ,104.5500,104.7800,4835853
12-9-2014,JNJ,104.5800,104.5400,5931020
15-9-2014,JNJ,104.7200,104.5900,4525564
16-9-2014,JNJ,105.8800,104.4900,6081537
17-9-2014,JNJ,106.1900,105.8800,6627848
18-9-2014,JNJ,107.3500,106.1800,6628840
19-9-2014,JNJ,107.9900,107.8900,13033621
22-9-2014,JNJ,107.8800,108.0000,5790392
23-9-2014,JNJ,107.4600,107.7700,8108322
24-9-2014,JNJ,108.6400,107.7000,5892456
25-9-2014,JNJ,107.1000,108.5300,5691811
26-9-2014,JNJ,107.1000,107.4100,4467569
29-9-2014,JNJ,106.5400,106.3800,6581602
30-9-2014,JNJ,106.5900,106.5000,6822524
1-10-2014,JNJ,104.3000,105.9800,12267373
2-10-2014,JNJ,103.8500,104.0600,7566157
3-10-2014,JNJ,105.1300,104.2300,6856127
6-10-2014,JNJ,104.8600,105.6800,5016549
7-10-2014,JNJ,102.3900,104.4600,8409384
8-10-2014,JNJ,104.9100,102.4300,8336957
9-10-2014,JNJ,102.0800,104.6300,10677257
10-10-2014,JNJ,101.2300,102.3500,9988521
13-10-2014,JNJ,99.1200,101.4600,10341254
14-10-2014,JNJ,97.0100,100.5300,20808277
15-10-2014,JNJ,98.2100,96.0500,21905946
16-10-2014,JNJ,96.7800,96.9700,14575531
17-10-2014,JNJ,98.7000,97.5400,12281405
20-10-2014,JNJ,99.2000,98.8300,7991982
21-10-2014,JNJ,100.3600,99.8300,7288282
22-10-2014,JNJ,101.2200,101.1000,9364649
23-10-2014,JNJ,102.6300,102.2600,7570675
24-10-2014,JNJ,103.1300,102.9500,5973242
27-10-2014,JNJ,104.0700,103.0700,7044535
28-10-2014,JNJ,104.7900,104.5500,10347753
29-10-2014,JNJ,105.5600,105.0000,8188368
30-10-2014,JNJ,107.0400,105.1700,9068343
31-10-2014,JNJ,107.7800,107.9400,10803709
3-11-2014,JNJ,107.4600,107.8300,7084618
4-11-2014,JNJ,108.6200,107.8900,9349214
5-11-2014,JNJ,108.8200,109.0500,6966795
6-11-2014,JNJ,109.0100,108.9300,6200277
7-11-2014,JNJ,108.2000,109.0000,6652571
10-11-2014,JNJ,108.8200,108.0700,7573288
11-11-2014,JNJ,108.9100,108.8800,6229047
12-11-2014,JNJ,108.7500,108.6700,4895939
13-11-2014,JNJ,109.0700,109.0500,4859955
14-11-2014,JNJ,108.1600,108.9200,5650746
17-11-2014,JNJ,108.3000,108.0000,5232983
18-11-2014,JNJ,108.8300,108.1300,5407151
19-11-2014,JNJ,108.7600,108.4500,5217829
20-11-2014,JNJ,108.1800,108.5500,8090667
21-11-2014,JNJ,107.8600,108.7300,8417378
24-11-2014,JNJ,106.8800,107.9200,9097994
25-11-2014,JNJ,106.7000,106.9800,7367894
26-11-2014,JNJ,107.2100,106.7700,5503702
28-11-2014,JNJ,108.2500,107.6100,5881239
1-12-2014,JNJ,108.0300,107.8900,5638779
2-12-2014,JNJ,108.5100,107.9700,6184380
3-12-2014,JNJ,107.7200,108.5400,8957411
4-12-2014,JNJ,107.5600,108.0900,6813598
5-12-2014,JNJ,108.5100,107.5300,6449739
8-12-2014,JNJ,108.5200,108.4200,6500735
9-12-2014,JNJ,108.0500,108.2200,7214300
10-12-2014,JNJ,106.2400,107.6100,9416414
11-12-2014,JNJ,106.7200,105.8500,7114640
12-12-2014,JNJ,104.4300,106.6500,8334704
15-12-2014,JNJ,103.9600,104.7700,12110559
16-12-2014,JNJ,102.7600,103.4800,10212440
17-12-2014,JNJ,104.0700,103.2700,10207637
18-12-2014,JNJ,106.8100,105.6200,11756825
19-12-2014,JNJ,105.5500,106.6300,19154418
22-12-2014,JNJ,106.7400,105.6900,8124539
23-12-2014,JNJ,104.2800,106.6600,10181076
24-12-2014,JNJ,104.5900,104.3800,3420184
26-12-2014,JNJ,105.0600,105.0700,2951001
29-12-2014,JNJ,105.3300,104.6400,4273424
30-12-2014,JNJ,105.3600,105.4200,4371735
31-12-2014,JNJ,104.5700,105.6100,6202118
2-1-2015,JNJ,104.5200,105.0500,5756961
5-1-2015,JNJ,103.7900,104.4800,8079279
6-1-2015,JNJ,103.2800,104.3400,7428022
7-1-2015,JNJ,105.5600,103.9100,7931714
8-1-2015,JNJ,106.3900,106.0600,9925854
9-1-2015,JNJ,104.9400,106.5000,7364760
12-1-2015,JNJ,104.5800,105.1700,6838966
13-1-2015,JNJ,104.7600,105.4400,10155188
14-1-2015,JNJ,104.0000,103.8600,8887694
15-1-2015,JNJ,102.4900,102.9700,10834811
16-1-2015,JNJ,104.0400,102.0600,14092276
20-1-2015,JNJ,101.2900,101.5500,20467800
21-1-2015,JNJ,101.9000,100.5600,11702890
22-1-2015,JNJ,103.7600,102.3900,9036608
23-1-2015,JNJ,102.2000,102.9400,10125960
26-1-2015,JNJ,102.2600,101.8000,8962787
27-1-2015,JNJ,102.0900,101.8300,10160531
28-1-2015,JNJ,101.4800,102.4800,9053222
29-1-2015,JNJ,102.3800,101.5100,7569330
30-1-2015,JNJ,100.1400,101.5800,10676345
2-2-2015,JNJ,100.8300,100.4900,8990701
3-2-2015,JNJ,102.4600,101.4000,10005207
4-2-2015,JNJ,101.3600,102.1200,9514074
5-2-2015,JNJ,102.4600,101.5700,6642224
6-2-2015,JNJ,101.1000,102.1100,9215663
9-2-2015,JNJ,99.7800,101.0600,9851745
10-2-2015,JNJ,100.3500,100.1900,12275450
11-2-2015,JNJ,100.3800,100.4600,8177011
12-2-2015,JNJ,98.4400,100.5000,25835156
13-2-2015,JNJ,99.6200,98.4400,11153595
17-2-2015,JNJ,100.4400,99.3900,8627082
18-2-2015,JNJ,99.9600,100.7000,7878157
19-2-2015,JNJ,100.7000,99.9500,10028180
20-2-2015,JNJ,100.2600,100.1800,10085673
23-2-2015,JNJ,100.1800,100.7400,6878246
24-2-2015,JNJ,100.7000,100.2500,6588073
25-2-2015,JNJ,101.2100,100.9400,9683963
26-2-2015,JNJ,102.8000,101.3800,11437890
27-2-2015,JNJ,102.5100,103.0400,8500014
2-3-2015,JNJ,103.2200,102.8600,7277612
3-3-2015,JNJ,102.3400,103.1000,6419659
4-3-2015,JNJ,101.6500,102.1200,8665474
5-3-2015,JNJ,102.5200,102.0700,8042336
6-3-2015,JNJ,100.1100,102.0900,9287621
9-3-2015,JNJ,100.6600,100.2000,5701061
10-3-2015,JNJ,99.5300,99.9900,8735743
11-3-2015,JNJ,98.3200,99.8300,9138141
12-3-2015,JNJ,99.8300,98.9600,8317996
13-3-2015,JNJ,99.2100,99.8500,7821813
16-3-2015,JNJ,101.0600,99.7400,7726509
17-3-2015,JNJ,99.8900,100.1100,7301526
18-3-2015,JNJ,101.4600,99.8900,7972458
19-3-2015,JNJ,101.6900,101.0400,6863107
20-3-2015,JNJ,102.4000,101.8700,12433761
23-3-2015,JNJ,102.9800,102.4700,9015961
24-3-2015,JNJ,101.9600,102.8300,8390708
25-3-2015,JNJ,100.3400,101.8500,8444099
26-3-2015,JNJ,100.1400,99.9500,9972373
27-3-2015,JNJ,100.3400,100.2800,5847382
30-3-2015,JNJ,101.5500,101.2400,6061170
31-3-2015,JNJ,100.6000,100.9700,8027954
1-4-2015,JNJ,99.1500,100.4600,11368126
2-4-2015,JNJ,99.6400,99.4400,6097146
6-4-2015,JNJ,99.1600,98.8400,9697623
7-4-2015,JNJ,100.1000,99.5500,7900303
8-4-2015,JNJ,100.1600,99.8400,7354110
9-4-2015,JNJ,101.3300,100.5700,8073887
10-4-2015,JNJ,102.0600,101.3300,6786456
13-4-2015,JNJ,100.5500,101.5400,10753497
14-4-2015,JNJ,100.5200,101.0500,9322175
15-4-2015,JNJ,100.6000,100.5400,8237103
16-4-2015,JNJ,99.7900,100.2700,7324783
17-4-2015,JNJ,99.5800,99.3700,11084248
20-4-2015,JNJ,100.2100,100.2600,6668541
21-4-2015,JNJ,100.3000,100.6600,6532698
22-4-2015,JNJ,100.4300,100.6300,4764283
23-4-2015,JNJ,100.4600,100.5000,7351494
24-4-2015,JNJ,101.0800,100.1100,6566915
27-4-2015,JNJ,100.5800,101.1600,9113861
28-4-2015,JNJ,100.7400,100.4500,7484612
29-4-2015,JNJ,100.3900,100.5100,8926249
30-4-2015,JNJ,99.2000,100.0700,10170628
1-5-2015,JNJ,100.1300,99.6200,6255973
4-5-2015,JNJ,100.3500,100.3300,5532387
5-5-2015,JNJ,99.5000,100.1300,8828129
6-5-2015,JNJ,99.1700,99.6200,8030769
7-5-2015,JNJ,99.6600,98.9400,6401552
8-5-2015,JNJ,101.4700,100.4800,7508622
11-5-2015,JNJ,101.0300,101.3200,5698884
12-5-2015,JNJ,100.4700,100.8800,6903070
13-5-2015,JNJ,100.5500,100.6800,5826750
14-5-2015,JNJ,101.8300,100.9700,5454009
15-5-2015,JNJ,102.3000,101.9800,6023543
18-5-2015,JNJ,103.4200,102.3700,10479584
19-5-2015,JNJ,103.9600,103.6600,7724081
20-5-2015,JNJ,103.6000,104.4200,7146547
21-5-2015,JNJ,102.4200,102.9100,6875627
22-5-2015,JNJ,101.3500,102.2700,6216965
26-5-2015,JNJ,100.8200,101.2300,7918872
27-5-2015,JNJ,101.1300,101.0100,9297934
28-5-2015,JNJ,101.1500,101.0100,5700051
29-5-2015,JNJ,100.1400,101.5500,9957798
1-6-2015,JNJ,100.0400,100.2800,7298085
2-6-2015,JNJ,99.9800,99.9200,8312446
3-6-2015,JNJ,100.0900,100.3200,5375153
4-6-2015,JNJ,99.2300,99.9400,8057860
5-6-2015,JNJ,98.5900,98.9900,7557268
8-6-2015,JNJ,97.9600,98.6000,7054613
9-6-2015,JNJ,98.2100,98.4400,7844315
10-6-2015,JNJ,98.8800,98.4800,10025139
11-6-2015,JNJ,99.2400,99.2000,6175188
12-6-2015,JNJ,98.3500,98.8800,8717217
15-6-2015,JNJ,97.4900,97.7500,6833452
16-6-2015,JNJ,98.3600,97.5000,6049522
17-6-2015,JNJ,98.7300,98.3800,6155753
18-6-2015,JNJ,100.3600,98.8600,8815756
19-6-2015,JNJ,99.8600,99.8800,11653584
22-6-2015,JNJ,100.0900,100.6000,5055871
23-6-2015,JNJ,99.7800,100.1000,6046627
24-6-2015,JNJ,99.3300,99.5100,7254699
25-6-2015,JNJ,99.1200,99.5000,6581098
26-6-2015,JNJ,99.6400,99.4300,9041052
29-6-2015,JNJ,97.6800,98.9800,11150902
30-6-2015,JNJ,97.4600,98.4300,8967911
1-7-2015,JNJ,98.4700,98.3000,6726694
2-7-2015,JNJ,98.4400,98.8500,6091886
6-7-2015,JNJ,98.2000,97.7100,6817796
7-7-2015,JNJ,98.9200,98.6300,7122569
8-7-2015,JNJ,97.7700,98.4200,6845543
9-7-2015,JNJ,98.4000,99.0500,7316390
10-7-2015,JNJ,99.5300,99.7800,6969285
13-7-2015,JNJ,100.2700,100.0500,6986321
14-7-2015,JNJ,99.7800,99.2600,9890556
15-7-2015,JNJ,100.4200,99.7600,7990325
16-7-2015,JNJ,101.1100,100.9500,5774981
17-7-2015,JNJ,100.0800,100.8900,8054183
20-7-2015,JNJ,100.3700,100.5000,5016152
21-7-2015,JNJ,100.3400,100.6000,5891640
22-7-2015,JNJ,100.1800,100.4100,6721856
23-7-2015,JNJ,100.2000,100.5000,5016148
24-7-2015,JNJ,99.1500,99.7500,6524173
27-7-2015,JNJ,98.2800,98.9700,8733993
28-7-2015,JNJ,99.0200,98.8900,7757505
29-7-2015,JNJ,99.7300,99.2600,7853488
30-7-2015,JNJ,99.8400,99.8000,5517401
31-7-2015,JNJ,100.2100,100.3400,6216815
3-8-2015,JNJ,100.0200,100.0000,6172519
4-8-2015,JNJ,99.8000,100.4100,6005340
5-8-2015,JNJ,100.5200,100.5700,4571280
6-8-2015,JNJ,99.0700,100.4900,6987963
7-8-2015,JNJ,98.8500,99.0200,6027855
10-8-2015,JNJ,99.7900,99.5700,6133458
11-8-2015,JNJ,99.0100,99.0500,6682636
12-8-2015,JNJ,98.7100,98.4000,7607491
13-8-2015,JNJ,98.4800,98.7400,5047960
14-8-2015,JNJ,98.8100,98.3300,5177310
17-8-2015,JNJ,99.8700,98.4400,6901809
18-8-2015,JNJ,99.3700,99.2400,7618826
19-8-2015,JNJ,99.3100,99.1800,7642360
20-8-2015,JNJ,98.7900,98.9500,10620430
21-8-2015,JNJ,95.5600,97.2200,16141529
24-8-2015,JNJ,92.8200,91.0800,25636323
25-8-2015,JNJ,90.7300,95.6900,15671123
26-8-2015,JNJ,95.1100,92.9100,14738289
27-8-2015,JNJ,96.2200,96.1000,11131225
28-8-2015,JNJ,95.1700,95.9300,9200294
31-8-2015,JNJ,93.9800,94.8800,9083511
1-9-2015,JNJ,92.0900,92.2900,14593543
2-9-2015,JNJ,93.3500,93.1700,11517391
3-9-2015,JNJ,92.6400,93.6600,9027240
4-9-2015,JNJ,91.3100,91.5800,10997186
8-9-2015,JNJ,93.9400,93.0900,11394069
9-9-2015,JNJ,92.2200,94.9900,7384549
10-9-2015,JNJ,92.7200,92.1100,8359464
11-9-2015,JNJ,92.9300,92.4400,7381327
14-9-2015,JNJ,93.3200,92.9000,7948727
15-9-2015,JNJ,94.4000,93.7900,7030679
16-9-2015,JNJ,94.6100,94.4900,5630442
17-9-2015,JNJ,94.8400,94.5300,8258048
18-9-2015,JNJ,93.3900,94.0800,14211147
21-9-2015,JNJ,93.1300,93.8700,7053655
22-9-2015,JNJ,93.2400,92.2600,10618668
23-9-2015,JNJ,92.9900,93.2100,5609270
24-9-2015,JNJ,92.4800,92.5200,7407588
25-9-2015,JNJ,91.0000,92.9300,10794367
28-9-2015,JNJ,91.3700,90.7000,14332752
29-9-2015,JNJ,93.0400,92.2400,11519966
30-9-2015,JNJ,93.3500,94.1300,10970101
1-10-2015,JNJ,93.1700,93.4300,9675937
2-10-2015,JNJ,93.9300,92.1400,8368056
5-10-2015,JNJ,94.7600,94.1900,9419198
6-10-2015,JNJ,93.4200,94.5200,8365247
7-10-2015,JNJ,94.9800,94.2600,9466389
8-10-2015,JNJ,95.0800,94.7100,7090710
9-10-2015,JNJ,95.3700,95.1400,8259654
12-10-2015,JNJ,95.9900,95.0700,8957937
13-10-2015,JNJ,95.4500,94.7900,12761886
14-10-2015,JNJ,94.5300,95.2100,8881871
15-10-2015,JNJ,97.1500,95.0000,9561891
16-10-2015,JNJ,98.2400,97.8700,9495256
19-10-2015,JNJ,97.9400,98.0500,8725430
20-10-2015,JNJ,97.5900,97.9500,6041789
21-10-2015,JNJ,97.6300,97.6400,7093295
22-10-2015,JNJ,99.5300,97.8500,9887929
23-10-2015,JNJ,100.3100,99.8800,9178873
26-10-2015,JNJ,99.9400,100.0500,7561604
27-10-2015,JNJ,100.1900,99.9200,8883164
28-10-2015,JNJ,100.4800,100.4500,7256317
29-10-2015,JNJ,101.3700,100.4700,6340702
30-10-2015,JNJ,101.0300,101.5300,10520339
2-11-2015,JNJ,102.1700,101.1800,6297939
3-11-2015,JNJ,101.9600,101.8400,6229192
4-11-2015,JNJ,101.9400,101.9000,5592309
5-11-2015,JNJ,102.3300,102.2500,6545590
6-11-2015,JNJ,101.9200,101.5700,6221110
9-11-2015,JNJ,100.8400,101.3900,6625850
10-11-2015,JNJ,101.4500,101.0000,5114204
11-11-2015,JNJ,101.8600,101.7800,6284749
12-11-2015,JNJ,100.2700,101.1400,6918671
13-11-2015,JNJ,99.8800,100.0400,8517537
16-11-2015,JNJ,101.2200,100.3800,5755804
17-11-2015,JNJ,101.5000,101.3400,5124025
18-11-2015,JNJ,102.6700,101.5300,7148429
19-11-2015,JNJ,102.4900,102.6600,5164480
20-11-2015,JNJ,102.4800,102.4900,7671517
23-11-2015,JNJ,102.7700,102.3900,6730605
24-11-2015,JNJ,102.0400,101.8100,7492381
25-11-2015,JNJ,101.9600,102.1700,5401491
27-11-2015,JNJ,102.3700,102.2800,2353779
30-11-2015,JNJ,101.2400,102.4800,8983655
1-12-2015,JNJ,102.3600,101.7300,7545986
2-12-2015,JNJ,102.0500,102.5000,6623500
3-12-2015,JNJ,100.7900,102.2700,12008737
4-12-2015,JNJ,102.9500,101.4000,7845387
7-12-2015,JNJ,103.3200,102.6100,7262911
8-12-2015,JNJ,102.4200,102.9800,8005368
9-12-2015,JNJ,102.1500,102.1400,7947010
10-12-2015,JNJ,102.6400,102.3000,6479272
11-12-2015,JNJ,101.6800,102.3700,7796547
14-12-2015,JNJ,102.1500,101.6450,10641483
15-12-2015,JNJ,104.1300,102.6500,9283193
16-12-2015,JNJ,105.2500,104.6400,8178826
17-12-2015,JNJ,103.6400,105.1600,8740832
18-12-2015,JNJ,101.9500,103.0800,14966025
21-12-2015,JNJ,101.5800,102.3400,8321937
22-12-2015,JNJ,102.7100,101.9100,5581632
23-12-2015,JNJ,103.4900,103.1100,5531671
24-12-2015,JNJ,103.7200,103.1200,2546278
28-12-2015,JNJ,103.2200,103.1800,4062986
29-12-2015,JNJ,104.0300,103.3400,4229973
30-12-2015,JNJ,103.7800,104.1100,3847819
31-12-2015,JNJ,102.7200,103.3700,4592603
4-1-2016,JNJ,100.4800,101.7100,12722756
5-1-2016,JNJ,100.9000,100.5800,6467235
6-1-2016,JNJ,100.3900,99.8200,7733825
7-1-2016,JNJ,99.2200,99.3100,9433097
8-1-2016,JNJ,98.1600,99.8800,9766711
11-1-2016,JNJ,97.5700,98.2400,8151427
12-1-2016,JNJ,98.2400,97.9900,6745013
13-1-2016,JNJ,97.0200,98.4900,8290689
14-1-2016,JNJ,98.8900,97.1000,10164344
15-1-2016,JNJ,97.0000,96.3700,12662181
19-1-2016,JNJ,97.5000,97.9300,12457849
20-1-2016,JNJ,95.7500,96.1100,12685151
21-1-2016,JNJ,95.9400,95.7700,11266449
22-1-2016,JNJ,96.7500,97.0200,8379951
25-1-2016,JNJ,96.4000,96.7200,9350181
26-1-2016,JNJ,101.1800,97.2600,17266649
27-1-2016,JNJ,102.1600,100.4900,19330465
28-1-2016,JNJ,102.2700,102.5000,12789459
29-1-2016,JNJ,104.4400,102.8900,15614567
1-2-2016,JNJ,104.3700,103.6100,9803745
2-2-2016,JNJ,103.4100,103.3000,10616349
3-2-2016,JNJ,104.1400,103.6500,10168633
4-2-2016,JNJ,103.9000,103.6100,10389000
5-2-2016,JNJ,100.5400,102.6600,15522154
8-2-2016,JNJ,102.0000,100.3100,14323776
9-2-2016,JNJ,101.9700,101.3100,10044539
10-2-2016,JNJ,101.7300,102.0500,9833124
11-2-2016,JNJ,101.7000,100.4600,12465832
12-2-2016,JNJ,101.8200,101.8200,9035013
16-2-2016,JNJ,102.3200,102.3700,10452827
17-2-2016,JNJ,102.5000,102.7500,8904013
18-2-2016,JNJ,104.2400,102.8300,10744647
19-2-2016,JNJ,104.1600,103.5800,9343260
22-2-2016,JNJ,104.7500,104.4400,6946975
23-2-2016,JNJ,104.0800,104.6500,6629181
24-2-2016,JNJ,104.9600,103.3400,9076094
25-2-2016,JNJ,106.3800,104.9500,8092468
26-2-2016,JNJ,105.7800,106.8200,9049441
29-2-2016,JNJ,105.2100,105.2800,10111077
1-3-2016,JNJ,107.2200,105.9000,8298471
2-3-2016,JNJ,107.0400,106.9100,9766977
3-3-2016,JNJ,106.6500,106.8200,6927155
4-3-2016,JNJ,106.5000,106.5100,6715668
7-3-2016,JNJ,106.7400,106.0000,6973521
8-3-2016,JNJ,106.2200,106.5200,7632880
9-3-2016,JNJ,106.8400,106.8400,7564238
10-3-2016,JNJ,107.1400,106.9900,10474747
11-3-2016,JNJ,107.7100,107.5000,7763774
14-3-2016,JNJ,107.6600,107.9200,7242758
15-3-2016,JNJ,107.7600,107.6200,8476598
16-3-2016,JNJ,107.4100,107.7300,7065081
17-3-2016,JNJ,106.7400,107.4700,8571060
18-3-2016,JNJ,107.5000,106.9900,14758303
21-3-2016,JNJ,107.2800,107.4100,7674706
22-3-2016,JNJ,107.3800,107.2800,7821676
23-3-2016,JNJ,108.5000,107.2900,8191313
24-3-2016,JNJ,108.3100,108.2200,6284486
28-3-2016,JNJ,108.2300,108.4100,4738112
29-3-2016,JNJ,109.1400,108.3000,6612787
30-3-2016,JNJ,108.9800,109.4500,5248182
31-3-2016,JNJ,108.2000,108.8600,8167693
1-4-2016,JNJ,109.1900,108.0000,9043232
4-4-2016,JNJ,108.5900,108.8200,10668885
5-4-2016,JNJ,108.9500,108.2300,7938961
6-4-2016,JNJ,109.4200,108.7200,6828705
7-4-2016,JNJ,109.2700,109.0000,7822916
8-4-2016,JNJ,109.1000,109.3700,6301634
11-4-2016,JNJ,108.9700,109.1500,6823922
12-4-2016,JNJ,109.6000,109.0000,8412327
13-4-2016,JNJ,109.8700,110.0000,5758284
14-4-2016,JNJ,109.8400,110.0000,4457099
15-4-2016,JNJ,110.1800,110.0700,10057921
18-4-2016,JNJ,110.9300,110.0000,7772549
19-4-2016,JNJ,112.6800,111.6500,10526437
20-4-2016,JNJ,113.5800,113.1900,8213383
21-4-2016,JNJ,113.5700,113.3100,7884452
22-4-2016,JNJ,113.3200,113.4300,7508690
25-4-2016,JNJ,113.5100,113.3100,6139854
26-4-2016,JNJ,112.9100,113.4500,5853561
27-4-2016,JNJ,112.7700,112.9600,5759301
28-4-2016,JNJ,112.4800,112.1000,6640041
29-4-2016,JNJ,112.0800,112.0600,7774512
2-5-2016,JNJ,112.7500,112.2200,5178847
3-5-2016,JNJ,112.6900,112.5600,7554529
4-5-2016,JNJ,112.2200,112.0400,5214649
5-5-2016,JNJ,112.8800,112.0800,5404341
6-5-2016,JNJ,112.7400,112.5800,6099860
9-5-2016,JNJ,113.7200,112.9800,6512715
10-5-2016,JNJ,114.6700,114.0000,8356411
11-5-2016,JNJ,114.3700,114.5700,6680655
12-5-2016,JNJ,114.2300,114.5000,7156263
13-5-2016,JNJ,113.5600,113.9000,6779907
16-5-2016,JNJ,114.4400,113.3900,6222861
17-5-2016,JNJ,113.8300,114.5400,9233911
18-5-2016,JNJ,113.5900,113.6100,8267933
19-5-2016,JNJ,112.8500,112.9900,8232205
20-5-2016,JNJ,112.6400,112.2000,7435203
23-5-2016,JNJ,112.1600,112.7700,6462321
24-5-2016,JNJ,112.6900,112.5200,6125259
25-5-2016,JNJ,113.3500,113.1800,5455518
26-5-2016,JNJ,112.9000,113.1100,3973550
27-5-2016,JNJ,113.0600,113.0400,4647024
31-5-2016,JNJ,112.6900,113.2600,10104705
1-6-2016,JNJ,112.7800,112.5700,4749563
2-6-2016,JNJ,114.4900,112.8700,7310801
3-6-2016,JNJ,114.7600,114.4700,6881721
6-6-2016,JNJ,115.7700,114.9700,6349758
7-6-2016,JNJ,115.7300,116.0100,6417404
8-6-2016,JNJ,115.8000,115.5200,5863782
9-6-2016,JNJ,117.0000,115.7800,7375474
10-6-2016,JNJ,117.0100,116.7400,6067428
13-6-2016,JNJ,116.7900,117.1300,7940893
14-6-2016,JNJ,117.1200,116.4500,6378395
15-6-2016,JNJ,116.4100,117.6400,6371378
16-6-2016,JNJ,116.6400,115.6900,6664815
17-6-2016,JNJ,115.4800,116.6200,10702199
20-6-2016,JNJ,116.5400,116.6000,5588202
21-6-2016,JNJ,116.1800,116.9900,5493490
22-6-2016,JNJ,116.4600,116.5400,5833754
23-6-2016,JNJ,117.3800,117.2000,6775873
24-6-2016,JNJ,115.6300,115.0700,13939481
27-6-2016,JNJ,116.5500,115.0000,10896051
28-6-2016,JNJ,118.2300,117.1700,10089587
29-6-2016,JNJ,119.3300,118.8400,8341454
30-6-2016,JNJ,121.3000,119.1800,11559922
1-7-2016,JNJ,121.2900,121.5400,7051358
5-7-2016,JNJ,122.2700,121.3600,9334141
6-7-2016,JNJ,122.6400,121.9300,9332366
7-7-2016,JNJ,122.5100,122.5900,6058727
8-7-2016,JNJ,122.8500,123.0000,6129913
11-7-2016,JNJ,122.9300,122.7100,6711586
12-7-2016,JNJ,122.9200,122.6500,6415861
13-7-2016,JNJ,123.0000,122.6800,5230819
14-7-2016,JNJ,123.1800,122.9800,5322718
15-7-2016,JNJ,123.0000,123.7700,7192765
18-7-2016,JNJ,123.1400,123.0000,6599199
19-7-2016,JNJ,125.2500,124.7800,11325700
20-7-2016,JNJ,125.1400,125.8400,7334633
21-7-2016,JNJ,125.1500,125.2100,5563937
22-7-2016,JNJ,125.0300,125.1200,5839195
25-7-2016,JNJ,124.8900,125.0700,4880569
26-7-2016,JNJ,125.1500,125.0250,5589861
27-7-2016,JNJ,124.7700,125.1000,4812634
28-7-2016,JNJ,124.4600,124.9800,4320393
29-7-2016,JNJ,125.2300,124.3400,7020910
1-8-2016,JNJ,125.4000,125.3100,4615103
2-8-2016,JNJ,124.8500,125.6500,7158693
3-8-2016,JNJ,123.9000,125.0000,5310641
4-8-2016,JNJ,123.8600,124.2400,4728165
5-8-2016,JNJ,124.2400,124.3800,5146935
8-8-2016,JNJ,123.6500,124.0000,5232469
9-8-2016,JNJ,123.4300,123.9100,3941488
10-8-2016,JNJ,123.3600,123.5900,4333466
11-8-2016,JNJ,123.7700,123.8500,4051971
12-8-2016,JNJ,123.2200,123.4700,4234841
15-8-2016,JNJ,122.3100,123.1200,6469495
16-8-2016,JNJ,120.3300,122.1100,11289111
17-8-2016,JNJ,121.3100,120.5000,10442818
18-8-2016,JNJ,120.7200,121.1700,8728000
19-8-2016,JNJ,119.9200,119.9100,7798299
22-8-2016,JNJ,119.1300,119.9000,6544864
23-8-2016,JNJ,119.4400,119.6700,5603177
24-8-2016,JNJ,118.7100,119.4800,6303942
25-8-2016,JNJ,118.5700,118.8600,5566048
26-8-2016,JNJ,119.0400,118.8400,6482673
29-8-2016,JNJ,119.9200,119.3000,5074924
30-8-2016,JNJ,119.4700,120.6700,3820510
31-8-2016,JNJ,119.3400,119.5400,5693081
1-9-2016,JNJ,119.0800,119.1900,4551792
2-9-2016,JNJ,119.3200,119.3600,5806365
6-9-2016,JNJ,119.7500,119.7800,5280652
7-9-2016,JNJ,119.6100,119.8400,4753760
8-9-2016,JNJ,119.4700,119.3700,4833010
9-9-2016,JNJ,118.2300,119.0300,7957267
12-9-2016,JNJ,119.1600,117.7600,7239795
13-9-2016,JNJ,117.6100,118.4200,7957869
14-9-2016,JNJ,117.8600,117.8500,6124894
15-9-2016,JNJ,118.6300,117.8100,5814900
16-9-2016,JNJ,118.2500,118.5100,12408779
19-9-2016,JNJ,117.6600,118.3600,5457633
20-9-2016,JNJ,117.9500,118.1700,5187716
21-9-2016,JNJ,118.9100,117.9500,6337292
22-9-2016,JNJ,119.4600,119.2500,5340466
23-9-2016,JNJ,118.8100,119.4100,4772980
26-9-2016,JNJ,117.7800,118.6300,5998854
27-9-2016,JNJ,119.2200,118.3900,5349466
28-9-2016,JNJ,119.3900,119.0500,5076091
29-9-2016,JNJ,117.2700,118.8800,6190185
30-9-2016,JNJ,118.1300,117.7800,7941065
3-10-2016,JNJ,118.8100,118.0000,6098589
4-10-2016,JNJ,118.8200,118.8400,5733934
5-10-2016,JNJ,119.1800,119.2200,5778691
6-10-2016,JNJ,118.7500,118.5000,4448450
7-10-2016,JNJ,119.2400,119.1700,4799292
10-10-2016,JNJ,119.8000,119.5100,3657049
11-10-2016,JNJ,117.6400,119.4100,6394159
12-10-2016,JNJ,117.9700,117.9600,4686022
13-10-2016,JNJ,118.2600,117.5400,7387365
14-10-2016,JNJ,117.5600,118.5000,5640519
17-10-2016,JNJ,118.4900,117.5000,6956374
18-10-2016,JNJ,115.4100,117.3800,12598255
19-10-2016,JNJ,114.5900,115.5700,7400937
20-10-2016,JNJ,114.8700,114.8300,6973009
21-10-2016,JNJ,113.4400,114.1100,8422032
24-10-2016,JNJ,113.6100,113.9300,6141858
25-10-2016,JNJ,113.9600,113.6400,5594989
26-10-2016,JNJ,114.5600,113.6400,6429241
27-10-2016,JNJ,115.7000,114.9800,7548667
28-10-2016,JNJ,115.3300,115.8200,8813324
31-10-2016,JNJ,115.9900,115.2800,8552528
1-11-2016,JNJ,115.3400,114.7600,7591930
2-11-2016,JNJ,114.8600,115.5200,6591318
3-11-2016,JNJ,115.0300,114.8800,6227110
4-11-2016,JNJ,115.1100,115.0400,7160570
7-11-2016,JNJ,116.6600,115.8900,6398177
8-11-2016,JNJ,117.0500,116.4800,6675268
9-11-2016,JNJ,120.3100,120.0000,16219977
10-11-2016,JNJ,119.5400,120.7700,11905170
11-11-2016,JNJ,118.4700,119.4900,8134783
14-11-2016,JNJ,116.6000,118.5800,10054905
15-11-2016,JNJ,116.3200,116.4000,7446670
16-11-2016,JNJ,116.3600,116.6500,6594838
17-11-2016,JNJ,116.5700,116.6800,5730329
18-11-2016,JNJ,115.3600,115.7900,7717773
21-11-2016,JNJ,115.0000,115.4400,5843313
22-11-2016,JNJ,112.7400,114.5900,11649748
23-11-2016,JNJ,113.0700,112.2500,8467037
25-11-2016,JNJ,114.1300,113.6000,3433340
28-11-2016,JNJ,113.1300,113.7900,9065730
29-11-2016,JNJ,112.4800,112.9500,7799649
30-11-2016,JNJ,111.3000,112.1900,11178468
1-12-2016,JNJ,111.3800,111.3600,8143287
2-12-2016,JNJ,111.9600,111.7200,6167740
5-12-2016,JNJ,111.9400,112.4000,5451568
6-12-2016,JNJ,112.0600,112.2400,6530358
7-12-2016,JNJ,111.1000,111.8900,11761134
8-12-2016,JNJ,110.9900,110.5400,7774945
9-12-2016,JNJ,112.2600,111.4100,7672088
12-12-2016,JNJ,115.3600,112.6900,9544614
13-12-2016,JNJ,115.8900,115.5300,7051623
14-12-2016,JNJ,114.9900,116.1200,9378704
15-12-2016,JNJ,115.8900,115.3300,6738083
16-12-2016,JNJ,115.8800,116.4100,11291124
19-12-2016,JNJ,116.0200,116.0700,6310789
20-12-2016,JNJ,115.6600,115.9800,5715163
21-12-2016,JNJ,115.3100,116.2000,5907740
22-12-2016,JNJ,115.4400,115.0000,4602309
23-12-2016,JNJ,115.9600,115.4000,2993339
27-12-2016,JNJ,115.9100,115.8900,3232942
28-12-2016,JNJ,115.1000,115.8800,3278292
29-12-2016,JNJ,115.4900,115.2300,2993622
30-12-2016,JNJ,115.2100,115.8000,5506734
3-1-2017,JNJ,115.8400,115.7800,5953048
4-1-2017,JNJ,115.6500,115.5000,5828946
5-1-2017,JNJ,116.8600,116.0000,6217214
6-1-2017,JNJ,116.3000,116.6700,5221381
9-1-2017,JNJ,116.2800,116.3500,5457539
10-1-2017,JNJ,116.1600,116.0300,5312812
11-1-2017,JNJ,114.7300,116.0800,8887197
12-1-2017,JNJ,114.6200,114.2700,6627250
13-1-2017,JNJ,114.6000,114.9400,4935188
17-1-2017,JNJ,114.8700,113.9400,6255447
18-1-2017,JNJ,114.7000,114.9400,5014570
19-1-2017,JNJ,114.2000,114.6800,5540831
20-1-2017,JNJ,114.1500,114.4900,7502425
23-1-2017,JNJ,113.9100,114.5100,7989760
24-1-2017,JNJ,111.7600,112.9100,12450307
25-1-2017,JNJ,112.8000,111.9300,9385502
26-1-2017,JNJ,111.8400,112.0000,10164341
27-1-2017,JNJ,113.3800,112.0000,8886070
30-1-2017,JNJ,113.1300,113.4000,6969430
31-1-2017,JNJ,113.2500,112.7900,8713408
1-2-2017,JNJ,113.2300,112.4800,7082322
2-2-2017,JNJ,113.5700,112.8200,7826308
3-2-2017,JNJ,113.6400,113.5000,7267569
6-2-2017,JNJ,113.4000,113.4600,6178433
7-2-2017,JNJ,113.4800,113.6000,5507915
8-2-2017,JNJ,113.4000,113.3000,5271951
9-2-2017,JNJ,114.0800,113.4700,5854606
10-2-2017,JNJ,115.2400,114.3200,6438536
13-2-2017,JNJ,115.8800,115.2800,5710779
14-2-2017,JNJ,116.3600,115.4400,5539136
15-2-2017,JNJ,117.2000,115.9000,5979679
16-2-2017,JNJ,118.0800,117.0000,7119291
17-2-2017,JNJ,118.8600,118.1900,8691397
21-2-2017,JNJ,119.6600,118.4000,8595110
22-2-2017,JNJ,119.5200,119.2800,5103903
23-2-2017,JNJ,121.7000,119.5200,9980945
24-2-2017,JNJ,122.7300,121.5000,10834986
27-2-2017,JNJ,122.4000,122.1300,5946157
28-2-2017,JNJ,122.2100,122.0100,8885513
1-3-2017,JNJ,123.8600,122.4900,9393869
2-3-2017,JNJ,123.6300,123.7500,6950220
3-3-2017,JNJ,123.7900,123.4100,5593811
6-3-2017,JNJ,123.7100,123.0100,6670681
7-3-2017,JNJ,123.8300,122.5800,6643988
8-3-2017,JNJ,124.1000,123.7500,7909858
9-3-2017,JNJ,125.9500,124.5800,8571147
10-3-2017,JNJ,126.2100,126.0400,7395375
13-3-2017,JNJ,126.6800,125.8300,7162476
14-3-2017,JNJ,127.0500,126.8600,7679707
15-3-2017,JNJ,128.9600,127.0500,8360637
16-3-2017,JNJ,128.4600,128.4400,7610720
17-3-2017,JNJ,128.0600,128.4500,13300756
20-3-2017,JNJ,128.0700,128.0400,5827497
21-3-2017,JNJ,127.2500,128.3800,7578634
22-3-2017,JNJ,126.2600,127.0500,10272668
23-3-2017,JNJ,125.9000,126.1000,8508073
24-3-2017,JNJ,125.4800,125.8600,6490304
27-3-2017,JNJ,125.8000,125.1600,5004285
28-3-2017,JNJ,125.6600,125.6200,5287559
29-3-2017,JNJ,124.9200,125.0500,3971828
30-3-2017,JNJ,124.6600,124.7400,4711693
31-3-2017,JNJ,124.5500,124.1100,5657560
3-4-2017,JNJ,124.6900,124.7300,4956532
4-4-2017,JNJ,124.6800,124.5100,5358474
5-4-2017,JNJ,124.8000,124.7200,5646251
6-4-2017,JNJ,125.0500,124.8500,4324385
7-4-2017,JNJ,124.9200,125.1200,3615126
10-4-2017,JNJ,124.3400,124.8700,4594234
11-4-2017,JNJ,124.2200,124.2600,4161540
12-4-2017,JNJ,125.4000,124.5400,5556604
13-4-2017,JNJ,124.9900,125.1300,5396539
17-4-2017,JNJ,125.7200,125.0200,5367465
18-4-2017,JNJ,121.8200,123.1800,13485682
19-4-2017,JNJ,121.3700,122.1000,6993098
20-4-2017,JNJ,121.8700,121.8600,6330136
21-4-2017,JNJ,121.7600,121.7800,6021721
24-4-2017,JNJ,122.8900,122.5200,5679021
25-4-2017,JNJ,123.4300,123.3400,5089987
26-4-2017,JNJ,123.5100,123.7900,5021839
27-4-2017,JNJ,123.7400,123.5800,4225165
28-4-2017,JNJ,123.4700,123.8500,4381766
1-5-2017,JNJ,123.3400,123.4000,4556360
2-5-2017,JNJ,123.7000,123.5200,4881641
3-5-2017,JNJ,123.3300,123.5900,3736531
4-5-2017,JNJ,123.9500,123.6900,3753701
5-5-2017,JNJ,123.5100,123.8000,4139755
8-5-2017,JNJ,123.2500,123.5300,3609058
9-5-2017,JNJ,123.2100,123.2300,3762488
10-5-2017,JNJ,122.8100,122.9100,4237412
11-5-2017,JNJ,123.2000,122.5000,4095893
12-5-2017,JNJ,123.6400,123.1100,4097060
15-5-2017,JNJ,126.9900,124.4100,9854621
16-5-2017,JNJ,127.7700,127.3400,7233801
17-5-2017,JNJ,126.6700,126.6000,6480802
18-5-2017,JNJ,126.9700,126.4600,6571254
19-5-2017,JNJ,127.0000,127.0300,6957196
22-5-2017,JNJ,127.2600,126.6300,4858199
23-5-2017,JNJ,127.5200,127.3100,3973025
24-5-2017,JNJ,127.5100,127.7900,3968185
25-5-2017,JNJ,127.5300,126.7400,5294263
26-5-2017,JNJ,126.9200,127.2300,4005234
30-5-2017,JNJ,127.1100,126.7000,3665353
31-5-2017,JNJ,128.2500,127.3500,8813511
1-6-2017,JNJ,128.7800,128.3200,5790899
2-6-2017,JNJ,130.0800,129.0500,6562557
5-6-2017,JNJ,130.3600,129.9700,4634663
6-6-2017,JNJ,130.8300,130.1800,5619093
7-6-2017,JNJ,130.7500,131.0000,5765471
8-6-2017,JNJ,130.5500,131.0000,8101669
9-6-2017,JNJ,131.5300,130.3700,5993031
12-6-2017,JNJ,131.8200,131.6400,8020951
13-6-2017,JNJ,132.0200,131.7500,5733817
14-6-2017,JNJ,132.7700,132.5100,7329376
15-6-2017,JNJ,133.0400,132.0000,5264996
16-6-2017,JNJ,134.3500,133.7200,12639630
19-6-2017,JNJ,134.0700,134.1500,7488704
20-6-2017,JNJ,134.2200,133.9000,5201174
21-6-2017,JNJ,134.9100,134.2900,5841053
22-6-2017,JNJ,136.0500,135.4500,7311037
23-6-2017,JNJ,136.4300,135.4500,9007077
26-6-2017,JNJ,136.3400,136.4800,5561844
27-6-2017,JNJ,135.0100,136.5000,6120536
28-6-2017,JNJ,133.8200,135.9500,6557871
29-6-2017,JNJ,132.6400,133.4000,5749952
30-6-2017,JNJ,132.2900,132.7000,5264416
3-7-2017,JNJ,132.9000,132.7900,2930998
5-7-2017,JNJ,133.6400,132.9800,4302669
6-7-2017,JNJ,132.5200,133.6100,4282244
7-7-2017,JNJ,132.5400,132.9100,4994080
10-7-2017,JNJ,131.5500,132.7400,4019587
11-7-2017,JNJ,131.2300,131.4300,3733072
12-7-2017,JNJ,132.2300,132.0400,5053248
13-7-2017,JNJ,131.8600,132.1000,4424422
14-7-2017,JNJ,132.6000,132.0000,4383133
17-7-2017,JNJ,132.1500,132.7100,4939384
18-7-2017,JNJ,134.4600,131.6200,10255960
19-7-2017,JNJ,135.2100,134.8400,5503298
20-7-2017,JNJ,136.5700,135.7300,6088612
21-7-2017,JNJ,135.3100,135.3300,6773546
24-7-2017,JNJ,133.0100,134.9900,8306671
25-7-2017,JNJ,131.8800,133.7400,6262907
26-7-2017,JNJ,130.9500,131.6600,5382182
27-7-2017,JNJ,130.8300,130.8500,5838110
28-7-2017,JNJ,131.8500,131.1400,4970860
31-7-2017,JNJ,132.7200,132.1400,5440788
1-8-2017,JNJ,132.5100,133.1700,3837566
2-8-2017,JNJ,132.1600,132.0800,4032147
3-8-2017,JNJ,133.3500,131.9100,4327314
4-8-2017,JNJ,133.1800,133.7400,3192805
7-8-2017,JNJ,132.8600,133.0900,3010828
8-8-2017,JNJ,132.2700,132.5000,5535804
9-8-2017,JNJ,133.2300,132.8100,6332347
10-8-2017,JNJ,133.0900,133.0400,5607853
11-8-2017,JNJ,133.1000,133.6400,4270571
14-8-2017,JNJ,133.4800,134.2000,3041064
15-8-2017,JNJ,133.3800,133.8500,3931763
16-8-2017,JNJ,134.1700,134.0800,4469937
17-8-2017,JNJ,133.0400,134.1800,5741389
18-8-2017,JNJ,132.6300,132.6700,4792761
21-8-2017,JNJ,133.4500,132.2800,4659993
22-8-2017,JNJ,134.7000,133.2700,4150284
23-8-2017,JNJ,132.8000,134.4300,5129938
24-8-2017,JNJ,132.8900,132.8200,5398432
25-8-2017,JNJ,131.6800,131.9100,4133347
28-8-2017,JNJ,131.7400,131.6800,5349181
29-8-2017,JNJ,132.2100,131.5700,3277875
30-8-2017,JNJ,131.0700,132.0000,5430781
31-8-2017,JNJ,132.3700,131.3900,7407143
1-9-2017,JNJ,131.0300,132.6000,3820814
5-9-2017,JNJ,129.9000,130.7200,5154935
6-9-2017,JNJ,130.6700,130.5400,5601903
7-9-2017,JNJ,132.1900,130.8600,3800234
8-9-2017,JNJ,130.9800,132.0000,4854414
11-9-2017,JNJ,133.2100,131.3700,5724233
12-9-2017,JNJ,132.6300,133.8300,5465190
13-9-2017,JNJ,132.4500,132.6700,4679486
14-9-2017,JNJ,134.1800,132.1400,6274510
15-9-2017,JNJ,134.4500,134.7900,15522011
18-9-2017,JNJ,135.3800,134.4400,5261593
19-9-2017,JNJ,135.2200,135.0200,4903837
20-9-2017,JNJ,133.2200,133.2500,8705535
21-9-2017,JNJ,131.7500,133.3100,6051811
22-9-2017,JNJ,131.3900,131.9900,4334862
25-9-2017,JNJ,131.1700,131.4700,6017418
26-9-2017,JNJ,130.9400,131.5000,4516193
27-9-2017,JNJ,129.7500,131.0000,5796066
28-9-2017,JNJ,129.4700,129.9100,3992740
29-9-2017,JNJ,130.0100,129.5800,5736925
2-10-2017,JNJ,131.2200,130.1600,4492936
3-10-2017,JNJ,132.1000,131.6500,3900761
4-10-2017,JNJ,132.8900,132.4000,3589047
5-10-2017,JNJ,133.1900,132.8900,3741108
6-10-2017,JNJ,133.2200,133.0000,2469506
9-10-2017,JNJ,133.4500,133.6600,3751097
10-10-2017,JNJ,133.9000,133.5600,4184588
11-10-2017,JNJ,136.6500,134.8800,8269430
12-10-2017,JNJ,136.8300,136.3400,5172806
13-10-2017,JNJ,136.4300,136.6000,4106625
16-10-2017,JNJ,136.1200,136.4500,5120140
17-10-2017,JNJ,140.7900,137.6700,11717348
18-10-2017,JNJ,140.6800,140.7900,6827734
19-10-2017,JNJ,142.0400,140.7100,9181291
20-10-2017,JNJ,142.4000,142.3800,5634523
23-10-2017,JNJ,143.6200,142.1300,6685964
24-10-2017,JNJ,141.6400,143.3800,6585767
25-10-2017,JNJ,142.3600,141.1600,6563580
26-10-2017,JNJ,141.8100,142.5100,5841067
27-10-2017,JNJ,141.7800,141.0000,5140654
30-10-2017,JNJ,140.0000,141.0800,6034336
31-10-2017,JNJ,139.4100,140.0200,4832136
1-11-2017,JNJ,139.9800,139.8300,5006771
2-11-2017,JNJ,139.9300,140.1100,3494055
3-11-2017,JNJ,140.0800,139.7300,2736951
6-11-2017,JNJ,139.7600,140.0100,4220666
7-11-2017,JNJ,139.7700,140.0800,4201853
8-11-2017,JNJ,141.3200,139.7000,4440729
9-11-2017,JNJ,140.3500,140.8600,3517130
10-11-2017,JNJ,139.5600,140.1300,4240786
13-11-2017,JNJ,139.7600,139.0100,4322275
14-11-2017,JNJ,139.4900,139.5700,4078239
15-11-2017,JNJ,139.1000,139.2300,4811462
16-11-2017,JNJ,138.8700,139.4200,4193806
17-11-2017,JNJ,138.0000,138.3000,4247381
20-11-2017,JNJ,137.9300,138.1500,4266264
21-11-2017,JNJ,138.3400,138.4500,5660581
22-11-2017,JNJ,137.2900,138.3000,3917467
24-11-2017,JNJ,138.0100,137.5000,2606832
27-11-2017,JNJ,138.1000,137.5100,3933071
28-11-2017,JNJ,140.0200,138.3000,5052825
29-11-2017,JNJ,139.8100,140.2200,5851449
30-11-2017,JNJ,139.3300,140.0600,8941892
1-12-2017,JNJ,139.9800,139.5700,5990487
4-12-2017,JNJ,139.0100,140.6200,5916688
5-12-2017,JNJ,139.6700,139.8800,6745335
6-12-2017,JNJ,141.0600,140.2500,5591702
7-12-2017,JNJ,140.0100,141.0000,4713177
8-12-2017,JNJ,140.5900,140.0000,5101341
11-12-2017,JNJ,141.1400,140.1000,4358620
12-12-2017,JNJ,142.6000,142.0600,8016720
13-12-2017,JNJ,142.8900,142.5000,6118375
14-12-2017,JNJ,141.6500,143.5200,5337934
15-12-2017,JNJ,142.4600,142.4800,12516980
18-12-2017,JNJ,141.8000,142.5600,5833232
19-12-2017,JNJ,141.7800,141.8900,6580136
20-12-2017,JNJ,141.1600,142.2600,6289782
21-12-2017,JNJ,141.0600,141.5900,6284711
22-12-2017,JNJ,140.1200,141.0000,4665587
26-12-2017,JNJ,140.0900,140.4600,3271087
27-12-2017,JNJ,140.5700,140.4200,3753629
28-12-2017,JNJ,140.5600,140.7000,2484959
29-12-2017,JNJ,139.7200,140.9800,4452924
